pointing,source_id,filter,x_image,y_image,flux_ujy,sex_snr,nmad_snr,local_rms_snr,weighted_rms_snr,global_stats_snr,sex_flux,nmad_flux,nmad_error,local_rms_error,weighted_rms_error,global_stats_error
nircam1,2858,F606W,3125.9597,1226.3113,-0.0004485033248969989,-0.36357758381505456,0,-0.3592749384589761,-0.1986852877692368,-0.008894256797498607,-0.004914031,,,0.013677633683767535,0.024732735008001328,0.5524948415456147
nircam1,2858,F814W,3125.9597,1226.3113,0.006177350957786467,3.719238833482661,0,4.640407587632002,2.3485398407091806,0.030547460898641313,0.04051471,,,0.008730851597601718,0.017251020297408104,1.3262873184265869
nircam1,2858,F115W,3125.9597,1226.3113,0.00864749835149382,15.918781476821493,0,16.428518409854902,4.056840384883317,10.851593109614846,0.4087881,,,0.024882834215578565,0.10076514631509781,0.03767079136406258
nircam1,2858,F150W,3125.9597,1226.3113,0.022735015355843574,35.31607015113363,0,26.31004088264772,9.782592212449414,2.444853711820073,1.074739,,,0.04084900532058175,0.10986240208148956,0.4395923546689057
nircam1,2858,F200W,3125.9597,1226.3113,0.01881311049946342,36.81821757223787,0,28.76292257818299,11.334414007475031,16.631666161719693,0.8893411,,,0.030919705658651517,0.07846379280090332,0.05347276041693007
nircam1,2858,F277W,3125.9597,1226.3113,0.016499695620292007,38.87221882220197,0,36.203474476027814,10.252045971840747,14.576394033303552,0.7799804,,,0.02154435206257524,0.07608046382665634,0.053509832282108476
nircam1,2858,F356W,3125.9597,1226.3113,0.0165767617120993,37.10552882316119,0,32.98590190505307,10.205695938952653,35.98563131557245,0.7836235,,,0.023756315721049234,0.0767829567193985,0.021776010906355676
nircam1,2858,F410M,3125.9597,1226.3113,0.010194497917880622,10.332341732460725,0,10.706415646159726,3.3713373766586887,4.962023631336066,0.4819185,,,0.045012123191094204,0.142945796251297,0.09712136333986776
nircam1,2858,F444W,3125.9597,1226.3113,0.019672247970193103,24.904650701916946,0,21.96605212057668,7.310980954510461,24.64683195695714,0.9299546,,,0.04233599168823175,0.1271997094154358,0.037731202193614935
nircam1,4010,F606W,2997.0005,1676.2458,-0.002073118242879607,-1.6801381145791803,0,-1.6739858372496843,-0.8956900483173924,-0.04111194945541349,-0.02271414,,,0.013568896160626273,0.025359373539686203,0.5524948415456147
nircam1,4010,F814W,2997.0005,1676.2458,-0.0013309895081024792,-0.8011532609034825,0,-0.8919829400561768,-0.4991152313656995,-0.006581842319321848,-0.008729414,,,0.009786525737196525,0.017489776015281677,1.3262873184265869
nircam1,4010,F115W,2997.0005,1676.2458,0.014034221648279568,25.828374435250122,0,25.3085600894192,6.830527533914479,17.611297134386845,0.6634315,,,0.026213719692309248,0.09712742269039154,0.03767079136406258
nircam1,4010,F150W,2997.0005,1676.2458,0.057933198594410505,89.9692080459215,0,56.949634588771715,24.81963342246224,6.2299582122230115,2.738642,,,0.04808884235650487,0.11034176498651505,0.4395923546689057
nircam1,4010,F200W,2997.0005,1676.2458,0.055236932503535924,108.07398016726908,0,59.7619051118668,30.93365203517357,48.83202175538465,2.611183,,,0.04369310173616776,0.08441237360239029,0.05347276041693007
nircam1,4010,F277W,2997.0005,1676.2458,0.03712966921988952,87.45283465410418,0,59.486457056568824,23.68612585653855,32.80161654677566,1.755209,,,0.029506026864751393,0.07410283386707306,0.053509832282108476
nircam1,4010,F356W,2997.0005,1676.2458,0.03291716992202659,73.66323678669353,0,54.87855063434883,22.335842863457884,71.45817508503521,1.556074,,,0.02835486692001016,0.06966712325811386,0.021776010906355676
nircam1,4010,F410M,2997.0005,1676.2458,0.02862297392449586,29.002603012326585,0,31.398043275331798,9.223264006338358,13.931816373551358,1.353077,,,0.04309430967193612,0.1467026174068451,0.09712136333986776
nircam1,4010,F444W,2997.0005,1676.2458,0.04001050385157238,50.639542791294915,0,44.69398104454211,16.291268763386544,50.12808736637793,1.891393,,,0.042318740819150436,0.1160985678434372,0.037731202193614935
nircam1,6802,F606W,3709.8647,2711.4863,0.00046264176908938275,0.37446673492696,0,0.37330036776036557,0.2061581989757909,0.009174635885865553,0.005068939,,,0.013578714187750083,0.024587616324424744,0.5524948415456147
nircam1,6802,F814W,3709.8647,2711.4863,0.0014658858880317051,0.8812295598867819,0,0.8672629031034313,0.46757326176603287,0.007248914972213967,0.009614144,,,0.011085616559403785,0.020561790093779564,1.3262873184265869
nircam1,6802,F115W,3709.8647,2711.4863,0.011996722458674964,22.050519366145842,0,23.175071410670945,6.244193201794514,15.054475349860025,0.567114,,,0.024470863107626615,0.09082262963056564,0.03767079136406258
nircam1,6802,F150W,3709.8647,2711.4863,0.03647939564459484,56.57983280678747,0,56.0858834282917,16.86832331297504,3.922882146799036,1.724469,,,0.030746934782703576,0.10223119705915451,0.4395923546689057
nircam1,6802,F200W,3709.8647,2711.4863,0.03389562645916648,66.23428911094742,0,58.437235707405065,19.50775839793602,29.965312946377935,1.602328,,,0.027419640587088137,0.08213798701763153,0.05347276041693007
nircam1,6802,F277W,3709.8647,2711.4863,0.02536504831190204,59.667275248819536,0,60.21017307230568,13.742299646253997,22.40834906150359,1.199067,,,0.019914691136330976,0.08725373446941376,0.053509832282108476
nircam1,6802,F356W,3709.8647,2711.4863,0.02630834692184155,58.79892487606998,0,50.866955153347625,16.830443713464362,57.11142437189992,1.243659,,,0.024449251901372225,0.07389342039823532,0.021776010906355676
nircam1,6802,F410M,3709.8647,2711.4863,0.0268979720150162,27.220082799203052,0,28.794307209387355,8.499077974699306,13.092196776010905,1.271532,,,0.04415914544335564,0.14960822463035583,0.09712136333986776
nircam1,6802,F444W,3709.8647,2711.4863,0.0264308073553933,33.40979981362465,0,31.548316575052457,10.352661878837566,33.114449775242996,1.249448,,,0.03960426848854526,0.12068857252597809,0.037731202193614935
nircam1,8216,F606W,4045.8096,3306.4631,-0.0013025005660606507,-1.0561369180125988,0,-0.9555209723692552,-0.5655639065936503,-0.025829852021924764,-0.01427086,,,0.014935161459214015,0.02523297443985939,0.5524948415456147
nircam1,8216,F814W,4045.8096,3306.4631,-0.002114774785341937,-1.273581561911758,0,-1.3343492719858552,-0.69408992647501,-0.01045771893261734,-0.01386994,,,0.010394534842708731,0.01998291350901127,1.3262873184265869
nircam1,8216,F115W,4045.8096,3306.4631,0.007515550596560155,13.838555342232151,0,10.759293211537944,3.9947685327737465,9.431131843408274,0.3552782,,,0.033020589086559166,0.08893587440252304,0.03767079136406258
nircam1,8216,F150W,4045.8096,3306.4631,0.026363537675190403,40.962968368006315,0,24.95575662666354,12.855560752860999,2.8350538556082716,1.246268,,,0.049939098967989086,0.09694389253854752,0.4395923546689057
nircam1,8216,F200W,4045.8096,3306.4631,0.02564451364056886,50.20042436961567,0,28.05072971938824,14.907164802417842,22.670944805313983,1.212278,,,0.043217342726099985,0.0813218355178833,0.05347276041693007
nircam1,8216,F277W,4045.8096,3306.4631,0.027121125428997445,63.91193073620696,0,37.535572982088574,17.03552387666817,23.959727499065174,1.282081,,,0.03415642544238742,0.075259268283844,0.053509832282108476
nircam1,8216,F356W,4045.8096,3306.4631,0.025937432905276257,58.073308893877815,0,34.03698870004422,17.50938116839556,56.306226391636116,1.226125,,,0.03602331013490647,0.07002674788236618,0.021776010906355676
nircam1,8216,F410M,4045.8096,3306.4631,0.02869250708135967,29.087884887494834,0,24.250620618676805,9.131604016749895,13.965660626627763,1.356364,,,0.0559311046644054,0.1485351324081421,0.09712136333986776
nircam1,8216,F444W,4045.8096,3306.4631,0.03293559504512619,41.7063900357584,0,26.97207939899737,14.811668918557581,41.26412384134091,1.556945,,,0.057724322139503875,0.105116106569767,0.037731202193614935
nircam1,11572,F606W,8591.9551,3900.0911,0.00546451488671243,4.429789053823793,0,4.1574129432941636,2.1326024540680097,0.10836664073189703,0.05987201,,,0.014401266079803918,0.02807462215423584,0.5524948415456147
nircam1,11572,F814W,8591.9551,3900.0911,0.00863357720184316,5.198075327174185,0,5.174671637950846,2.7130738727313193,0.04269368274377742,0.05662409,,,0.010942547462281677,0.02087082341313362,1.3262873184265869
nircam1,11572,F115W,8591.9551,3900.0911,0.012894116915771614,23.736186024631994,0,26.365310219260607,6.8528810182143305,16.180599820939495,0.609536,,,0.023118863192996553,0.08894594758749008,0.03767079136406258
nircam1,11572,F150W,8591.9551,3900.0911,0.03456625017042191,53.69444870713437,0,57.23316028420852,16.403710670568707,3.717148359485748,1.63403,,,0.028550406650370713,0.09961344301700592,0.4395923546689057
nircam1,11572,F200W,8591.9551,3900.0911,0.021648398480691916,42.36702088021819,0,43.060843802243014,14.06351059954729,19.138192829783087,1.023372,,,0.0237657210039784,0.07276789098978043,0.05347276041693007
nircam1,11572,F277W,8591.9551,3900.0911,0.012677214505092238,29.866699825170294,0,24.360083129098573,7.063356380961498,11.199483804033072,0.5992825,,,0.024601003897402385,0.08484386652708054,0.053509832282108476
nircam1,11572,F356W,8591.9551,3900.0911,0.011778969657698686,26.36612058082901,0,19.372169498554353,6.892428788687731,25.57035365175553,0.5568203,,,0.028743311379840694,0.08078724145889282,0.021776010906355676
nircam1,11572,F410M,8591.9551,3900.0911,0.011753620834495182,11.912546163040622,0,12.703603825998107,3.6384684217657215,5.720904041015665,0.555622,,,0.043737352613508904,0.15270766615867615,0.09712136333986776
nircam1,11572,F444W,8591.9551,3900.0911,0.010558196309314712,13.366453672410191,0,9.51110082789721,3.7122778920165453,13.228081030624097,0.4991114,,,0.05247672262458262,0.1344488263130188,0.037731202193614935
nircam1,10899,F606W,10095.9971,4363.436,0.008837569010279394,7.160498127216189,0,6.916039965817284,3.381380063701805,0.17525758200586866,0.09682891,,,0.014000629041847573,0.028635911643505096,0.5524948415456147
nircam1,10899,F814W,10095.9971,4363.436,0.0007308065090859098,0.439777480702057,0,0.33405102367266604,0.17025129862469132,0.0036138926561449336,0.00479306,,,0.014348287118846496,0.02815285325050354,1.3262873184265869
nircam1,10899,F115W,10095.9971,4363.436,0.004607344820470214,8.477127744456597,0,7.338733273354406,2.2741617184580782,5.781675725766104,0.2178003,,,0.0296781872139696,0.09577169269323349,0.03767079136406258
nircam1,10899,F150W,10095.9971,4363.436,0.017675057703741528,27.442057678260827,0,26.38729082155398,7.931783053484849,1.9007214095643634,0.8355426,,,0.03166458450207788,0.10534108430147171,0.4395923546689057
nircam1,10899,F200W,10095.9971,4363.436,0.01278288290337825,25.004021976876118,0,25.427640860209095,8.064636293598294,11.30066402572849,0.6042777,,,0.023764599449947982,0.07492931932210922,0.05347276041693007
nircam1,10899,F277W,10095.9971,4363.436,0.012994101237620357,30.597679953535312,0,26.38732171547902,6.361905818172928,11.479432354815744,0.6142625,,,0.02327869825605183,0.09655322879552841,0.053509832282108476
nircam1,10899,F356W,10095.9971,4363.436,0.011345784648173247,25.383543607669644,0,36.281193974201,7.301352473767969,24.62997480605871,0.5363426,,,0.01478293686755141,0.0734579786658287,0.021776010906355676
nircam1,10899,F410M,10095.9971,4363.436,0.00639257001692146,6.475706260210965,0,6.703256426327377,2.0923780404863397,3.1114905063935807,0.3021922,,,0.045081402348435454,0.14442524313926697,0.09712136333986776
nircam1,10899,F444W,10095.9971,4363.436,0.013962530784692267,17.66726544133333,0,16.373919184461702,4.142462925560112,17.493280405247617,0.6600425,,,0.04031059959220747,0.15933576226234436,0.037731202193614935
nircam1,8272,F606W,6489.3628,3286.3438,-0.0012009289855846378,-0.9732809831343695,0,-1.0478355799693049,-0.517051092303872,-0.023815588871726433,-0.01315799,,,0.012557304076642873,0.025448141619563103,0.5524948415456147
nircam1,8272,F814W,6489.3628,3286.3438,-0.0010270102825134294,-0.6181811590611652,0,-0.5431335210249292,-0.2721684850133984,-0.005078642392502707,-0.006735739,,,0.01240162637594014,0.024748414754867554,1.3262873184265869
nircam1,8272,F115W,6489.3628,3286.3438,0.006628572362901211,12.199126766759516,0,12.985024840824972,3.421810973524088,8.318078507342701,0.3133486,,,0.024131536430706754,0.09157390892505646,0.03767079136406258
nircam1,8272,F150W,6489.3628,3286.3438,0.0024928916551919915,3.8714155855973944,0,4.248465583852816,1.0930043551702966,0.2680779107015158,0.117845,,,0.027738249886710767,0.10781750082969666,0.4395923546689057
nircam1,8272,F200W,6489.3628,3286.3438,0.004668431190131191,9.134032557332933,0,9.948895019234032,2.836003359120867,4.1271106686709915,0.220688,,,0.022182161895702743,0.07781655341386795,0.05347276041693007
nircam1,8272,F277W,6489.3628,3286.3438,0.0037873866499618437,8.920566905908467,0,8.60575385502645,2.305978131279021,3.3459065813567004,0.1790389,,,0.020804557394518895,0.07764119654893875,0.053509832282108476
nircam1,8272,F356W,6489.3628,3286.3438,0.0023475426071812642,5.2534159938194,0,5.427383587858869,1.6561581417032307,5.096158358719891,0.110974,,,0.020447053023532436,0.06700688600540161,0.021776010906355676
nircam1,8272,F410M,6489.3628,3286.3438,0.017415415776747076,17.646398008815602,0,21.246832286007866,6.459226832683136,8.476700405440592,0.8232687,,,0.03874783256712413,0.12745623290538788,0.09712136333986776
nircam1,8272,F444W,6489.3628,3286.3438,0.007351097382451554,9.303962075623852,0,8.346912992683567,3.0704175414874815,9.209992785726993,0.3475041,,,0.04163264913682489,0.11317813396453857,0.037731202193614935
nircam2,1332,F606W,8442.8867,2161.2656,0.0015026984459807855,1.2172761920957003,0,1.3816539535757415,0.6524168973534014,0.06357345616156002,0.01646433,,,0.01191639191375674,0.02523590438067913,0.2589812005526173
nircam2,1332,F814W,8442.8867,2161.2656,0.0016534835374296026,1.0754995418139408,0,1.1112518079095997,0.6439769221474478,0.01964976701940083,0.01084452,,,0.00975883226718872,0.016839919611811638,0.5518905129660249
nircam2,1332,F115W,8442.8867,2161.2656,0.004883554550463063,9.474532239463844,0,7.496898183452757,2.3269658540279026,0.11270204416288672,0.2308574,,,0.030793722196941552,0.09920962899923325,2.0483869810413107
nircam2,1332,F150W,8442.8867,2161.2656,0.015032431778933127,24.610533132926516,0,19.243156995972324,6.297067624617869,0.5712506550524691,0.7106193,,,0.03692841565179433,0.11284924298524857,1.2439710899495247
nircam2,1332,F200W,8442.8867,2161.2656,0.013876742903844835,28.454322973327017,0,23.50451655716586,8.169378310167675,1.2278827025872237,0.6559871,,,0.02790898074438413,0.0802982896566391,0.5342424798539757
nircam2,1332,F277W,8442.8867,2161.2656,0.012926408477667753,32.622204640421025,0,19.427808044451524,8.043561824462946,33.41856707902846,0.6110625,,,0.031452982168748374,0.0759691447019577,0.018285119722666596
nircam2,1332,F356W,8442.8867,2161.2656,0.011091213331978997,25.96995201356776,0,20.831458523705628,7.686048385720518,28.529636791045675,0.5243084,,,0.025169068186145078,0.06821560114622116,0.018377675251882622
nircam2,1332,F410M,8442.8867,2161.2656,0.010761862670024606,11.370074446234888,0,10.013829576399377,3.946835486199515,7.908098571486712,0.5087392,,,0.05080366068931291,0.1288979947566986,0.06433141865913258
nircam2,1332,F444W,8442.8867,2161.2656,0.015132016290418398,20.021330465760418,0,20.44789187997952,5.436473216427173,7.392697490610613,0.7153269,,,0.03498291678177225,0.1315792202949524,0.09676128380858666
nircam2,2034,F606W,9175.8096,2432.2783,0.0009436180266897171,0.7657506923320202,0,0.6677333384079062,0.3791066154234357,0.03992088992536535,0.01033876,,,0.015483366495749596,0.02727137692272663,0.2589812005526173
nircam2,2034,F814W,9175.8096,2432.2783,0.0005442735703014719,0.3546511824299151,0,0.34806761867862085,0.20272406867064338,0.006468070959972734,0.003569667,,,0.010255671049066932,0.01760850101709366,0.5518905129660249
nircam2,2034,F115W,9175.8096,2432.2783,0.010379047420100151,20.17219291263477,0,17.406684508145947,4.694917536903931,0.239526322194539,0.4906426,,,0.02818702204721353,0.10450505465269089,2.0483869810413107
nircam2,2034,F150W,9175.8096,2432.2783,0.02701806320196961,44.31182370041366,0,40.16061733052003,10.446712673936753,1.0267191981542143,1.277209,,,0.03180252408693394,0.12225941568613052,1.2439710899495247
nircam2,2034,F200W,9175.8096,2432.2783,0.02871448607435678,58.98418285316995,0,52.84019108450246,16.355213387567424,2.5407994519099613,1.357403,,,0.02568883594363295,0.08299513161182404,0.5342424798539757
nircam2,2034,F277W,9175.8096,2432.2783,0.03284179826461686,83.03019282656305,0,58.278017534254545,19.1199514416482,84.90570603568302,1.552511,,,0.026639735970556442,0.08119848370552063,0.018285119722666596
nircam2,2034,F356W,9175.8096,2432.2783,0.04177730604032277,97.99554410983919,0,88.03383849437397,26.67158429250504,107.46266722705792,1.974914,,,0.02243357819875379,0.07404562085866928,0.018377675251882622
nircam2,2034,F410M,9175.8096,2432.2783,0.082162891243995,86.96114952380057,0,66.83240789935007,27.24063112895511,60.375444548798484,3.884038,,,0.058116086522714834,0.14258253574371338,0.06433141865913258
nircam2,2034,F444W,9175.8096,2432.2783,0.1266093016552614,167.8168348257546,0,106.94849818055123,47.30321072461071,61.854563772012256,5.985127,,,0.055962702626229176,0.1265268623828888,0.09676128380858666
nircam2,5726,F606W,1711.5001,3781.1777,0.000591885118233974,0.4804401086677093,0,0.553213462988154,0.2880315755868873,0.025040408285088796,0.006484995,,,0.011722409944565765,0.02251487411558628,0.2589812005526173
nircam2,5726,F814W,1711.5001,3781.1777,0.004652317292375872,3.0322457546269797,0,3.187467467613555,1.7603615510286075,0.055287487795388876,0.03051264,,,0.009572690642343937,0.017333166673779488,0.5518905129660249
nircam2,5726,F115W,1711.5001,3781.1777,0.005363661219629395,10.427199286740041,0,10.163398579627787,2.5397408134327724,0.12378188415897107,0.2535532,,,0.02494767847718178,0.09983428567647934,2.0483869810413107
nircam2,5726,F150W,1711.5001,3781.1777,0.01585328476311212,26.007309863387732,0,22.282834384198548,6.56448880721548,0.6024440648619965,0.749423,,,0.03363230130774742,0.11416319012641907,1.2439710899495247
nircam2,5726,F200W,1711.5001,3781.1777,0.014899178580966432,30.6131229753559,0,28.295159873392233,8.903473400014082,1.3183528576621457,0.7043201,,,0.02489189328321547,0.07910621911287308,0.5342424798539757
nircam2,5726,F277W,1711.5001,3781.1777,0.00914149261344418,23.117296069517657,0,22.25433792260151,5.642371204027354,23.63344657045424,0.4321404,,,0.01941825461188482,0.07658843696117401,0.018285119722666596
nircam2,5726,F356W,1711.5001,3781.1777,0.008513441302002689,19.97477163941163,0,20.25761019479353,5.576283624892174,21.898901492383956,0.4024509,,,0.01986665239039081,0.0721718892455101,0.018377675251882622
nircam2,5726,F410M,1711.5001,3781.1777,0.010398473126807799,11.008544393873873,0,11.797485308753522,3.3652089985829967,7.641070417000936,0.4915609,,,0.0416665829314719,0.1460714340209961,0.06433141865913258
nircam2,5726,F444W,1711.5001,3781.1777,0.006671455726331185,8.84507148117796,0,7.454289938815632,2.9151299763395504,3.2593180617970816,0.3153758,,,0.042307959924900405,0.10818585008382797,0.09676128380858666
nircam2,11316,F606W,2599.3152,5542.1743,0.0009963045134721653,0.8083000923367871,0,0.7469356579206178,0.3895264861843286,0.04214985480300216,0.01091602,,,0.014614404713772714,0.028023820370435715,0.2589812005526173
nircam2,11316,F814W,2599.3152,5542.1743,-0.0003709007779396163,-0.24161921363548325,0,-0.2315527963758213,-0.1266931083781895,-0.004407732952187482,-0.002432586,,,0.010505534971176926,0.01920061744749546,0.5518905129660249
nircam2,11316,F115W,2599.3152,5542.1743,0.004751386552054356,9.23220184044339,0,9.73787684198976,2.511980543766407,0.10965188808504256,0.2246095,,,0.02306555152058229,0.0894153043627739,2.0483869810413107
nircam2,11316,F150W,2599.3152,5542.1743,0.010914296188444124,17.89577722242552,0,20.652711317358857,4.873588752764724,0.4147565037230367,0.5159451,,,0.02498195476960654,0.10586553812026978,1.2439710899495247
nircam2,11316,F200W,2599.3152,5542.1743,0.014884216365618158,30.566782817749093,0,29.1999233412744,8.56644074207896,1.317028927000186,0.7036128,,,0.02409639202735289,0.08213596045970917,0.5342424798539757
nircam2,11316,F277W,2599.3152,5542.1743,0.011588966657505471,29.291612909434946,0,25.102927386543993,7.67809013197424,29.9608866832241,0.5478384,,,0.021823685802224792,0.07135087251663208,0.018285119722666596
nircam2,11316,F356W,2599.3152,5542.1743,0.023057423279105323,54.07121557795501,0,47.214143318579104,15.947078474418788,59.310004397228724,1.08998,,,0.023085879005477684,0.06834982335567474,0.018377675251882622
nircam2,11316,F410M,2599.3152,5542.1743,0.030103922280358908,31.853855272606157,0,29.165587773391817,10.048366916688066,22.12115059268908,1.423085,,,0.04879329060867756,0.14162351191043854,0.06433141865913258
nircam2,11316,F444W,2599.3152,5542.1743,0.05493758242663302,72.79956427320609,0,68.09919764239878,23.50357071644074,26.839577750306137,2.597032,,,0.03813601466551023,0.11049521714448929,0.09676128380858666
nircam3,9992,F606W,578.233,3744.6199,-0.003434269786439598,-2.607932138168884,0,-3.0154866313578816,-1.5310279547024608,-0.09952078315414692,-0.03762761,,,0.012478121974978279,0.024576695635914803,0.37808796120222354
nircam3,9992,F814W,578.233,3744.6199,0.004828349040542986,3.0422777146381557,0,3.2717105793596817,1.6699029454170156,0.0587034752233762,0.03166716,,,0.009679083535010513,0.018963472917675972,0.5394426800032084
nircam3,9992,F115W,578.233,3744.6199,0.002545353544155258,5.221444351531978,0,5.117997631590881,1.5705710398424926,0.2613625619230738,0.120325,,,0.02351017109841806,0.07661226391792297,0.4603758056037687
nircam3,9992,F150W,578.233,3744.6199,0.009814665380191578,16.82026902981341,0,14.121436178954477,5.161656845568486,0.8043040188768398,0.4639629,,,0.03285522053992322,0.08988642692565918,0.5768501575410442
nircam3,9992,F200W,578.233,3744.6199,0.00928833724837011,18.567016935535023,0,18.02978059731015,5.827555856474226,1.129717308561155,0.4390821,,,0.024353158244505003,0.07534584403038025,0.38866546229979376
nircam3,9992,F277W,578.233,3744.6199,0.010683908110742938,25.661231810421913,0,23.713311334719904,6.608968416424752,20.602163239776864,0.5050541,,,0.021298337160551836,0.07641950994729996,0.02451461500047167
nircam3,9992,F356W,578.233,3744.6199,0.023420573782263553,53.107809409051406,0,51.05228866849116,16.248346798033797,14.639911301069203,1.107147,,,0.021686530200228177,0.06813905388116837,0.07562525327043076
nircam3,9992,F410M,578.233,3744.6199,0.04549533088071943,47.259541897506615,0,39.843361350490945,14.593185452964864,24.352478916628645,2.150674,,,0.05397822691416822,0.147375226020813,0.08831437683871483
nircam3,9992,F444W,578.233,3744.6199,0.05696631328842501,73.07347168151462,0,70.3845752218118,24.55600565568278,52.54393243034792,2.692935,,,0.03826030052058159,0.10966502875089645,0.05125111264882479
nircam4,315,F606W,3596.1318,286.2253,0.0008138351809173132,0.4678488997136805,0,0.5113353437854593,0.2752857793907054,0.0024378867030246287,0.008916793,,,0.017438248907240047,0.03239104151725769,3.657591219861507
nircam4,315,F814W,3596.1318,286.2253,0.004907477333120235,2.4030816003655455,0,1.956384695770537,1.2703909197073062,0.005956630429719327,0.03218613,,,0.01645184102573612,0.025335611775517464,5.403412278091691
nircam4,315,F115W,3596.1318,286.2253,,16.450691557679292,0,,,,0.381177,,,,,
nircam4,315,F150W,3596.1318,286.2253,,36.22805604651722,0,,,,1.009898,,,,,
nircam4,315,F200W,3596.1318,286.2253,,30.562497663940416,0,,,,0.719561,,,,,
nircam4,315,F277W,3596.1318,286.2253,,28.778034548383562,0,,,,0.5673578,,,,,
nircam4,315,F356W,3596.1318,286.2253,,24.56117437847036,0,,,,0.51904,,,,,
nircam4,315,F410M,3596.1318,286.2253,,12.254091531367969,0,,,,0.5831618,,,,,
nircam4,315,F444W,3596.1318,286.2253,,11.880662981741562,0,,,,0.4677777,,,,,
nircam4,1669,F606W,8624.748,880.4338,0.004831915616352293,2.7763042868342875,0,2.5706424528779945,1.3300864273850803,0.014474261014330787,0.05294093,,,0.020594435426338396,0.03980262205004692,3.657591219861507
nircam4,1669,F814W,8624.748,880.4338,0.003633351269815972,1.7782638285678465,0,1.2713263195741042,0.66111219146112,0.004410113234671751,0.02382966,,,0.01874393665348088,0.03604480251669884,5.403412278091691
nircam4,1669,F115W,8624.748,880.4338,,16.665425798300372,0,,,,0.3863494,,,,,
nircam4,1669,F150W,8624.748,880.4338,,33.06249403915477,0,,,,0.9221242,,,,,
nircam4,1669,F200W,8624.748,880.4338,,29.452579224245966,0,,,,0.6937826,,,,,
nircam4,1669,F277W,8624.748,880.4338,,17.27855651277236,0,,,,0.3408197,,,,,
nircam4,1669,F356W,8624.748,880.4338,,18.642965552697287,0,,,,0.394174,,,,,
nircam4,1669,F410M,8624.748,880.4338,,6.465957062507613,0,,,,0.3078662,,,,,
nircam4,1669,F444W,8624.748,880.4338,,11.126304131003687,0,,,,0.4382995,,,,,
nircam4,1843,F606W,617.067,934.1207,0.0032391501660984667,1.858775159612635,0,1.8736114597497966,1.1825669535656833,0.009703047133119432,0.03548978,,,0.01894191018918049,0.030010797083377838,3.657591219861507
nircam4,1843,F814W,617.067,934.1207,-0.0008189166107448808,-0.40029140895109916,0,-0.48196431844634124,-0.32132307587531994,-0.0009939900425101082,-0.005370938,,,0.01114384985451566,0.016715072095394135,5.403412278091691
nircam4,1843,F115W,617.067,934.1207,,11.19302021611068,0,,,,0.2598144,,,,,
nircam4,1843,F150W,617.067,934.1207,,24.174621971573966,0,,,,0.6750959,,,,,
nircam4,1843,F200W,617.067,934.1207,,17.60828190074659,0,,,,0.415307,,,,,
nircam4,1843,F277W,617.067,934.1207,,24.458144515723973,0,,,,0.4830508,,,,,
nircam4,1843,F356W,617.067,934.1207,,18.112006499702414,0,,,,0.3834348,,,,,
nircam4,1843,F410M,617.067,934.1207,,7.055183363164427,0,,,,0.3363486,,,,,
nircam4,1843,F444W,617.067,934.1207,,10.84795858348207,0,,,,0.4278782,,,,,
nircam4,9859,F606W,4436.0464,3316.1958,0.005921079081626647,3.4038468702401423,0,3.152850686102729,1.5786291479307337,0.017736908282073263,0.06487436,,,0.020576413683640653,0.041095372289419174,3.657591219861507
nircam4,9859,F814W,4436.0464,3316.1958,0.003796711086279721,1.8591642781040925,0,1.7622136192399473,0.9925871616485293,0.004608397197630503,0.02490107,,,0.014130562678740376,0.025087034329771996,5.403412278091691
nircam4,9859,F115W,4436.0464,3316.1958,,14.35920431161872,0,,,,0.3327154,,,,,
nircam4,9859,F150W,4436.0464,3316.1958,,16.437837676894176,0,,,,0.4582233,,,,,
nircam4,9859,F200W,4436.0464,3316.1958,,33.27891871871804,0,,,,0.7835162,,,,,
nircam4,9859,F277W,4436.0464,3316.1958,,31.237085948944358,0,,,,0.6158379,,,,,
nircam4,9859,F356W,4436.0464,3316.1958,,20.212941747655513,0,,,,0.4271508,,,,,
nircam4,9859,F410M,4436.0464,3316.1958,,6.351996200814682,0,,,,0.3022861,,,,,
nircam4,9859,F444W,4436.0464,3316.1958,,7.87032392477795,0,,,,0.3098785,,,,,
nircam4,9427,F606W,3994.1465,3180.5862,0.0006034475595802438,0.34681506861889877,0,0.2995308088326764,0.15268681503999806,0.0018076593590057744,0.006611679,,,0.02207345222939457,0.04330222308635712,3.657591219861507
nircam4,9427,F814W,3994.1465,3180.5862,0.005653463935099744,2.7676678029813893,0,2.5928298041572773,1.371650654690906,0.006862099001835745,0.03707875,,,0.014300495134909696,0.027032211422920227,5.403412278091691
nircam4,9427,F115W,3994.1465,3180.5862,,13.56596836749179,0,,,,0.3144156,,,,,
nircam4,9427,F150W,3994.1465,3180.5862,,24.65463291017576,0,,,,0.6874508,,,,,
nircam4,9427,F200W,3994.1465,3180.5862,,23.021543172970443,0,,,,0.5421555,,,,,
nircam4,9427,F277W,3994.1465,3180.5862,,28.226611676780767,0,,,,0.5566285,,,,,
nircam4,9427,F356W,3994.1465,3180.5862,,25.615065247668642,0,,,,0.5414492,,,,,
nircam4,9427,F410M,3994.1465,3180.5862,,11.016827698750959,0,,,,0.5244151,,,,,
nircam4,9427,F444W,3994.1465,3180.5862,,16.040482887820296,0,,,,0.6317233,,,,,
nircam4,12415,F606W,8324.2852,4530.7695,0.002530924621705942,1.4545800747902198,0,1.4714453289371738,0.7054508464619718,0.007581519730641193,0.0277301,,,0.018845484405478712,0.0393083356320858,3.657591219861507
nircam4,12415,F814W,8324.2852,4530.7695,-0.003411254739959283,-1.6699885273764268,0,-1.0780079727024832,-0.5808215683457163,-0.004140535433639244,-0.02237302,,,0.02075403945660305,0.03851960599422455,5.403412278091691
nircam4,12415,F115W,8324.2852,4530.7695,,16.919832297742698,0,,,,0.3921474,,,,,
nircam4,12415,F150W,8324.2852,4530.7695,,29.75987000071369,0,,,,0.8298013,,,,,
nircam4,12415,F200W,8324.2852,4530.7695,,30.567343753184723,0,,,,0.7198585,,,,,
nircam4,12415,F277W,8324.2852,4530.7695,,36.7354243080245,0,,,,0.7244222,,,,,
nircam4,12415,F356W,8324.2852,4530.7695,,37.98495783880344,0,,,,0.802923,,,,,
nircam4,12415,F410M,8324.2852,4530.7695,,17.448950952579427,0,,,,0.8305924,,,,,
nircam4,12415,F444W,8324.2852,4530.7695,,25.360507791928814,0,,,,0.9987744,,,,,
nircam4,11659,F606W,10020.7949,4400.8706,0.00299709406532782,1.7233760603916812,0,1.6318093583986615,0.8151053091887184,0.008977955169425244,0.03283769,,,0.020123484297347404,0.040286436676979065,3.657591219861507
nircam4,11659,F814W,10020.7949,4400.8706,0.010119770199679273,4.956686491992699,0,3.304411906010634,1.705579556544575,0.012283241882005757,0.06637142,,,0.020085698117499277,0.03891428932547569,5.403412278091691
nircam4,11659,F115W,10020.7949,4400.8706,,6.471440942318966,0,,,,0.1499108,,,,,
nircam4,11659,F150W,10020.7949,4400.8706,,22.927661996129757,0,,,,0.6389717,,,,,
nircam4,11659,F200W,10020.7949,4400.8706,,21.842218853662516,0,,,,0.5141204,,,,,
nircam4,11659,F277W,10020.7949,4400.8706,,28.33714866711923,0,,,,0.5585235,,,,,
nircam4,11659,F356W,10020.7949,4400.8706,,57.783042199255455,0,,,,1.220791,,,,,
nircam4,11659,F410M,10020.7949,4400.8706,,52.311578152645964,0,,,,2.488829,,,,,
nircam4,11659,F444W,10020.7949,4400.8706,,80.78827345178809,0,,,,3.180068,,,,,
nircam5,4547,F606W,8867.1318,1876.1993,0.0018968102703067781,1.5286890039154302,0,1.565582599303663,0.822589005960507,0.05798553642204202,0.02078242,,,0.013274559904564324,0.025264643132686615,0.35840696288014307
nircam5,4547,F814W,8867.1318,1876.1993,0.0007384970344521235,0.52552750234038,0,0.591110874981455,0.3209193920808414,0.008756271829550381,0.004843499,,,0.008193892558907762,0.015092571265995502,0.5531462583943908
nircam5,4547,F115W,8867.1318,1876.1993,,14.594306051521226,0,,,,0.305663,,,,,
nircam5,4547,F150W,8867.1318,1876.1993,,9911.410818770664,0,,,,0.797787,,,,,
nircam5,4547,F200W,8867.1318,1876.1993,,10044.50381700598,0,,,,0.6146032,,,,,
nircam5,4547,F277W,8867.1318,1876.1993,,9991.326193742827,0,,,,0.3902625,,,,,
nircam5,4547,F356W,8867.1318,1876.1993,,26.87856976050787,0,,,,0.5052776,,,,,
nircam5,4547,F410M,8867.1318,1876.1993,,9234.589661864838,0,,,,0.526011,,,,,
nircam5,4547,F444W,8867.1318,1876.1993,,13451.697194579952,0,,,,0.4216152,,,,,
nircam5,9883,F606W,1088.0367,3457.0374,-0.0023975171727225212,-1.9292728766990486,0,-1.8525711709182882,-1.041148958876264,-0.07329215869275556,-0.02626842,,,0.01417943904793638,0.025230221450328827,0.35840696288014307
nircam5,9883,F814W,1088.0367,3457.0374,0.00013264016314937167,0.09424501708459093,0,0.09885022656857202,0.058444029316815485,0.0015726986973122437,0.0008699324,,,0.008800509924947226,0.014884879812598228,0.5531462583943908
nircam5,9883,F115W,1088.0367,3457.0374,,10.290250624403782,0,,,,0.2158484,,,,,
nircam5,9883,F150W,1088.0367,3457.0374,,22192.97890884083,0,,,,1.789083,,,,,
nircam5,9883,F200W,1088.0367,3457.0374,,24372.506896447627,0,,,,1.493585,,,,,
nircam5,9883,F277W,1088.0367,3457.0374,,36786.27008699422,0,,,,1.439073,,,,,
nircam5,9883,F356W,1088.0367,3457.0374,,71.36849899109112,0,,,,1.343674,,,,,
nircam5,9883,F410M,1088.0367,3457.0374,,23061.115880971854,0,,,,1.315591,,,,,
nircam5,9883,F444W,1088.0367,3457.0374,,58731.83903186952,0,,,,1.84364,,,,,
nircam5,12083,F606W,1206.2175,4178.8481,-0.0016360967679699947,-1.317230260735892,0,-1.2049170096685273,-0.703394712596656,-0.05001551826992464,-0.01792591,,,0.01487729848293155,0.025484848767518997,0.35840696288014307
nircam5,12083,F814W,1206.2175,4178.8481,0.006398305473824624,4.548510781558678,0,4.56344606238289,2.6738747809170773,0.0758639498381637,0.04196386,,,0.009195651581359498,0.0156940259039402,0.5531462583943908
nircam5,12083,F115W,1206.2175,4178.8481,,23.508657622533192,0,,,,0.492867,,,,,
nircam5,12083,F150W,1206.2175,4178.8481,,22446.472067477996,0,,,,1.808598,,,,,
nircam5,12083,F200W,1206.2175,4178.8481,,30319.692658283486,0,,,,1.857093,,,,,
nircam5,12083,F277W,1206.2175,4178.8481,,34391.97093397075,0,,,,1.344724,,,,,
nircam5,12083,F356W,1206.2175,4178.8481,,68.0292320683357,0,,,,1.280153,,,,,
nircam5,12083,F410M,1206.2175,4178.8481,,20053.10158840008,0,,,,1.143408,,,,,
nircam5,12083,F444W,1206.2175,4178.8481,,65169.14025086972,0,,,,2.044672,,,,,
nircam5,12779,F606W,4251.2803,4442.6846,-0.0001508683016084942,-0.12127986617313118,0,-0.11259722160191532,-0.06503293942138741,-0.00461204767540408,-0.00165299,,,0.014680557623740534,0.025417732074856758,0.35840696288014307
nircam5,12779,F814W,4251.2803,4442.6846,0.0015270371449266848,1.0839064533127503,0,0.9371785989478866,0.5104240660312678,0.018105898481661973,0.01001521,,,0.010686554314453476,0.01962135173380375,0.5531462583943908
nircam5,12779,F115W,4251.2803,4442.6846,,25.3486016310653,0,,,,0.5322527,,,,,
nircam5,12779,F150W,4251.2803,4442.6846,,28707.652874205327,0,,,,2.316614,,,,,
nircam5,12779,F200W,4251.2803,4442.6846,,34211.95484728534,0,,,,2.098692,,,,,
nircam5,12779,F277W,4251.2803,4442.6846,,41463.76404860214,0,,,,1.623704,,,,,
nircam5,12779,F356W,4251.2803,4442.6846,,88.99620086594787,0,,,,1.677258,,,,,
nircam5,12779,F410M,4251.2803,4442.6846,,30615.889748888032,0,,,,1.748351,,,,,
nircam5,12779,F444W,4251.2803,4442.6846,,84567.53093542856,0,,,,2.657341,,,,,
nircam5,12888,F606W,958.9188,4500.5728,-0.0020721407417996084,-1.66914157328483,0,-1.6448965483954214,-0.9062625759804147,-0.06334539322996463,-0.02270343,,,0.013802345212619568,0.02505171112716198,0.35840696288014307
nircam5,12888,F814W,958.9188,4500.5728,0.0031647810179387882,2.250966283927028,0,1.8586032467820388,1.202064123062649,0.03752443352007764,0.0207565,,,0.011167794975037051,0.01726738177239895,0.5531462583943908
nircam5,12888,F115W,958.9188,4500.5728,,84.06913590144822,0,,,,1.761641,,,,,
nircam5,12888,F150W,958.9188,4500.5728,,53048.45317082566,0,,,,4.272141,,,,,
nircam5,12888,F200W,958.9188,4500.5728,,66306.7197371544,0,,,,4.059245,,,,,
nircam5,12888,F277W,958.9188,4500.5728,,81200.04483106977,0,,,,3.173301,,,,,
nircam5,12888,F356W,958.9188,4500.5728,,145.6150322307599,0,,,,2.738745,,,,,
nircam5,12888,F410M,958.9188,4500.5728,,45350.77124947732,0,,,,2.58454,,,,,
nircam5,12888,F444W,958.9188,4500.5728,,120538.83939732541,0,,,,3.779963,,,,,
nircam6,3206,F606W,3637.8115,1486.3363,0.00429012263679629,3.157660075440264,0,3.1850457447823537,1.7067409851715458,0.05875791516025435,0.04700477,,,0.014757957582556484,0.027540655806660652,0.7999734141655772
nircam6,3206,F814W,3637.8115,1486.3363,0.00030616094464504126,0.20985502956910188,0,0.23969266303349887,0.13027946075212166,0.0009837779018908462,0.002007984,,,0.008377327760421974,0.015412897802889347,2.041094840756845
nircam6,3206,F115W,3637.8115,1486.3363,0.008152069849191968,16.573506422014404,0,14.489759295147996,4.349094897572334,0.21184471188933585,0.385368,,,0.026595886939891636,0.08860878646373749,1.8191060638856533
nircam6,3206,F150W,3637.8115,1486.3363,0.01423078026919444,24.166993276800742,0,22.114383705266007,6.281551089993461,0.5550929061189337,0.6727233,,,0.030420169468245557,0.10709509253501892,1.2119111820460968
nircam6,3206,F200W,3637.8115,1486.3363,0.0161443763233008,31.779097216062947,0,23.923946025853173,7.9134640454867995,1.0013206524018674,0.7631836,,,0.03190040636169607,0.09644116461277008,0.7621770290759027
nircam6,3206,F277W,3637.8115,1486.3363,0.010099178050272365,24.033729908020785,0,23.830925158934665,6.402677444714835,16.93200437184336,0.4774125,,,0.02003331791846147,0.07456450909376144,0.028195864442009055
nircam6,3206,F356W,3637.8115,1486.3363,0.009407449005702959,21.245300920252873,0,17.716497268117934,5.927503569040942,15.259966896353637,0.4447128,,,0.0251016210072344,0.07502531260251999,0.02914244854005968
nircam6,3206,F410M,3637.8115,1486.3363,0.011160566679949186,11.584371162279858,0,9.717334245878977,3.8148390385718103,6.475700068260554,0.5275869,,,0.05429337785964749,0.13829860091209412,0.0814717936962321
nircam6,3206,F444W,3637.8115,1486.3363,0.012058227677288147,15.381558908069238,0,13.240647513339436,5.320028853204407,12.723479746956635,0.5700215,,,0.0430508779442792,0.10714631527662277,0.0448007550871722
nircam7,7070,F606W,811.1641,2471.5896,0.0010883046151190976,0.7609714942496459,0,0.7646638710767221,0.4268253137747122,0.025708705259173507,0.01192402,,,0.015593805920514863,0.027936533093452454,0.46381254441995734
nircam7,7070,F814W,811.1641,2471.5896,0.005644943810643193,3.872329912831218,0,4.666999912061482,2.2072498073795095,0.05051931661679355,0.03702287,,,0.007932905656226263,0.016773302108049393,0.7328458197649673
nircam7,7070,F115W,811.1641,2471.5896,,14.58137210453535,0,,,,0.3081111,,,,,
nircam7,7070,F150W,811.1641,2471.5896,,6813.523620122033,0,,,,0.6541771,,,,,
nircam7,7070,F200W,811.1641,2471.5896,,7883.0872648921395,0,,,,0.5370488,,,,,
nircam7,7070,F277W,811.1641,2471.5896,,6782.176457094994,0,,,,0.3394265,,,,,
nircam7,7070,F356W,811.1641,2471.5896,,20.477326880375806,0,,,,0.3861301,,,,,
nircam7,7070,F410M,811.1641,2471.5896,,6006.9334919159755,0,,,,0.4183849,,,,,
nircam7,7070,F444W,811.1641,2471.5896,,10183.886908164153,0,,,,0.4220882,,,,,
nircam7,9437,F606W,9288.7871,3104.2708,0.00043002006638040815,0.300604907914398,0,0.28536004374146884,0.14459497113400996,0.010158239695505028,0.004711519,,,0.016510787348590936,0.03258424997329712,0.46381254441995734
nircam7,9437,F814W,9288.7871,3104.2708,0.004547816166748965,3.118925092284955,0,3.1366478218761005,1.7679565554584353,0.040700593761408055,0.02982726,,,0.009509279234976287,0.01687103509902954,0.7328458197649673
nircam7,9437,F115W,9288.7871,3104.2708,,5.975400078728832,0,,,,0.1262951,,,,,
nircam7,9437,F150W,9288.7871,3104.2708,,5780.001526510415,0,,,,0.5550884,,,,,
nircam7,9437,F200W,9288.7871,3104.2708,,6783.605675446155,0,,,,0.4622625,,,,,
nircam7,9437,F277W,9288.7871,3104.2708,,12251.602090308352,0,,,,0.6133103,,,,,
nircam7,9437,F356W,9288.7871,3104.2708,,25.362533912085453,0,,,,0.4783696,,,,,
nircam7,9437,F410M,9288.7871,3104.2708,,10768.18261220671,0,,,,0.7501985,,,,,
nircam7,9437,F444W,9288.7871,3104.2708,,20199.47063515821,0,,,,0.8374141,,,,,
nircam7,9959,F606W,9701.4639,3210.0371,0.003488946870659467,2.438943283742071,0,2.3916027440570677,1.2395192562083404,0.08241838315909757,0.03822668,,,0.015983708036374392,0.03083992376923561,0.46381254441995734
nircam7,9959,F814W,9701.4639,3210.0371,0.007912539561295747,5.426476637701115,0,5.037375984055866,3.058477796497648,0.0708131213965898,0.0518951,,,0.010302010444377514,0.016967622563242912,0.7328458197649673
nircam7,9959,F115W,9701.4639,3210.0371,,24.33186000651027,0,,,,0.5142743,,,,,
nircam7,9959,F150W,9701.4639,3210.0371,,13441.340713480138,0,,,,1.290853,,,,,
nircam7,9959,F200W,9701.4639,3210.0371,,11304.948471671856,0,,,,0.7703652,,,,,
nircam7,9959,F277W,9701.4639,3210.0371,,9769.61062413603,0,,,,0.4890628,,,,,
nircam7,9959,F356W,9701.4639,3210.0371,,25.18381317907013,0,,,,0.4749987,,,,,
nircam7,9959,F410M,9701.4639,3210.0371,,7092.4298606233815,0,,,,0.4941159,,,,,
nircam7,9959,F444W,9701.4639,3210.0371,,14506.864062070717,0,,,,0.6014144,,,,,
nircam7,11615,F606W,9901.8926,3616.1855,0.0013402890601924755,0.9378827640956502,0,0.9016278096198442,0.4622016739080773,0.03166126094835335,0.01468489,,,0.016287086360159665,0.03177160397171974,0.46381254441995734
nircam7,11615,F814W,9901.8926,3616.1855,-0.004231960149918987,-2.905270136826396,0,-3.140961708450266,-1.6323508532175703,-0.03787384638272426,-0.02775569,,,0.008836685250039078,0.017003508284687996,0.7328458197649673
nircam7,11615,F115W,9901.8926,3616.1855,,11.445986843040025,0,,,,0.241674,,,,,
nircam7,11615,F150W,9901.8926,3616.1855,,4332.966013308159,0,,,,0.4156967,,,,,
nircam7,11615,F200W,9901.8926,3616.1855,,7051.301505803705,0,,,,0.4800146,,,,,
nircam7,11615,F277W,9901.8926,3616.1855,,7957.4260971669455,0,,,,0.3979395,,,,,
nircam7,11615,F356W,9901.8926,3616.1855,,37.63813260135314,0,,,,0.7091792,,,,,
nircam7,11615,F410M,9901.8926,3616.1855,,25332.420651102217,0,,,,1.763062,,,,,
nircam7,11615,F444W,9901.8926,3616.1855,,46201.1441756447,0,,,,1.913419,,,,,
nircam7,11754,F606W,3390.3059,3640.8723,0.0003999760093765056,0.27917623300673994,0,0.35375637175348,0.16138466120708864,0.009448517623602751,0.004382341,,,0.012388019976227864,0.027154630050063133,0.46381254441995734
nircam7,11754,F814W,3390.3059,3640.8723,0.0006287560627787984,0.4305479541587222,0,0.4566985272332612,0.23269462360299922,0.005627040352529455,0.004123753,,,0.009029486092241698,0.017721736803650856,0.7328458197649673
nircam7,11754,F115W,3390.3059,3640.8723,,25.7496556141972,0,,,,0.5450718,,,,,
nircam7,11754,F150W,3390.3059,3640.8723,,12982.397042295548,0,,,,1.248682,,,,,
nircam7,11754,F200W,3390.3059,3640.8723,,14738.103446936937,0,,,,1.005848,,,,,
nircam7,11754,F277W,3390.3059,3640.8723,,18010.285614898985,0,,,,0.9029644,,,,,
nircam7,11754,F356W,3390.3059,3640.8723,,42.678825435797755,0,,,,0.806206,,,,,
nircam7,11754,F410M,3390.3059,3640.8723,,14138.47500382303,0,,,,0.9865046,,,,,
nircam7,11754,F444W,3390.3059,3640.8723,,33729.426447729245,0,,,,1.400464,,,,,
nircam7,3581,F606W,9653.0205,1545.0452,0.02249727406261399,15.714675520737705,0,13.634557529459181,7.454161761046224,0.5314466004973231,0.2464916,,,0.018078445117666916,0.033067647367715836,0.46381254441995734
nircam7,3581,F814W,9653.0205,1545.0452,0.02162673802844188,14.820452052265374,0,14.451994149789414,8.321605274957895,0.19354807815577107,0.1418409,,,0.009814624786716153,0.017044896259903908,0.7328458197649673
nircam7,3581,F115W,9653.0205,1545.0452,,51.461446417098344,0,,,,1.088512,,,,,
nircam7,3581,F150W,9653.0205,1545.0452,,14404.721536574105,0,,,,1.384429,,,,,
nircam7,3581,F200W,9653.0205,1545.0452,,35618.815263976896,0,,,,2.429065,,,,,
nircam7,3581,F277W,9653.0205,1545.0452,,31067.433459692762,0,,,,1.556411,,,,,
nircam7,3581,F356W,9653.0205,1545.0452,,59.15437218685632,0,,,,1.116579,,,,,
nircam7,3581,F410M,9653.0205,1545.0452,,19726.657381124187,0,,,,1.375368,,,,,
nircam7,3581,F444W,9653.0205,1545.0452,,32822.85141326957,0,,,,1.361784,,,,,
nircam7,13394,F606W,7405.8574,4103.9634,-0.001666815492385975,-1.1651849687305802,0,-1.3116265951905461,-0.6632729041405324,-0.03937470044679151,-0.01826248,,,0.013923535911031846,0.0275338813662529,0.46381254441995734
nircam7,13394,F814W,7405.8574,4103.9634,0.0013244908548349925,0.908345370652893,0,0.8316759215448375,0.46582971263312384,0.01185350556108236,0.008686792,,,0.010444924248695682,0.018647998571395874,0.7328458197649673
nircam7,13394,F115W,7405.8574,4103.9634,,5.780470518323378,0,,,,0.1221751,,,,,
nircam7,13394,F150W,7405.8574,4103.9634,,5124.5027517276585,0,,,,0.4921369,,,,,
nircam7,13394,F200W,7405.8574,4103.9634,,7365.126562003121,0,,,,0.5018897,,,,,
nircam7,13394,F277W,7405.8574,4103.9634,,8295.981190421018,0,,,,0.4152935,,,,,
nircam7,13394,F356W,7405.8574,4103.9634,,22.962032779340948,0,,,,0.4330931,,,,,
nircam7,13394,F410M,7405.8574,4103.9634,,3837.351888749035,0,,,,0.2673409,,,,,
nircam7,13394,F444W,7405.8574,4103.9634,,29659.26570588532,0,,,,1.229591,,,,,
nircam7,13743,F606W,9031.6855,4290.2261,0.006406923586669189,4.479891151391846,0,4.430052831773011,2.6467352993888387,0.15134890344069676,0.07019752,,,0.015845752334268506,0.026522303000092506,0.46381254441995734
nircam7,13743,F814W,9031.6855,4290.2261,0.0014022494931890286,0.9619179286586367,0,0.7052305190748115,0.5617591312744493,0.012549405007112576,0.009196779,,,0.01304081254462046,0.016371391713619232,0.7328458197649673
nircam7,13743,F115W,9031.6855,4290.2261,,8.277458228547793,0,,,,0.1749065,,,,,
nircam7,13743,F150W,9031.6855,4290.2261,,14856.10536313488,0,,,,1.426358,,,,,
nircam7,13743,F200W,9031.6855,4290.2261,,20313.603871374384,0,,,,1.383899,,,,,
nircam7,13743,F277W,9031.6855,4290.2261,,28792.846861060556,0,,,,1.440991,,,,,
nircam7,13743,F356W,9031.6855,4290.2261,,82.20875911557148,0,,,,1.550167,,,,,
nircam7,13743,F410M,9031.6855,4290.2261,,40778.70126387054,0,,,,2.84025,,,,,
nircam7,13743,F444W,9031.6855,4290.2261,,89099.14837549071,0,,,,3.692863,,,,,
nircam7,14097,F606W,9252.4941,4364.2607,0.004421056670348527,3.086604504693371,0,3.8192164881411337,1.812169099149786,0.1044373434543003,0.04843935,,,0.0126830595098253,0.026730036363005638,0.46381254441995734
nircam7,14097,F814W,9252.4941,4364.2607,-0.005553686385987942,-3.803916981750794,0,-4.367409596690893,-2.1770516649689227,-0.04970261004106122,-0.03642435,,,0.008340035252841427,0.01673104614019394,0.7328458197649673
nircam7,14097,F115W,9252.4941,4364.2607,,18.099234787177842,0,,,,0.3830294,,,,,
nircam7,14097,F150W,9252.4941,4364.2607,,14521.600690195444,0,,,,1.396372,,,,,
nircam7,14097,F200W,9252.4941,4364.2607,,19813.881707381417,0,,,,1.351917,,,,,
nircam7,14097,F277W,9252.4941,4364.2607,,20643.389273374007,0,,,,1.034715,,,,,
nircam7,14097,F356W,9252.4941,4364.2607,,48.60875242516923,0,,,,0.9179899,,,,,
nircam7,14097,F410M,9252.4941,4364.2607,,14811.7300206403,0,,,,1.033218,,,,,
nircam7,14097,F444W,9252.4941,4364.2607,,29756.5165020477,0,,,,1.235193,,,,,
nircam7,14208,F606W,3172.7412,4402.1143,0.00312928214788465,2.1841840049944574,0,2.288698571264909,1.2628120756732009,0.07392212740360007,0.03428601,,,0.01498057036888477,0.02715052105486393,0.46381254441995734
nircam7,14208,F814W,3172.7412,4402.1143,0.0017353700449570858,1.188314621194293,0,1.064138790614662,0.601142962855352,0.015530661010866123,0.01138158,,,0.010695578528272458,0.018933232873678207,0.7328458197649673
nircam7,14208,F115W,3172.7412,4402.1143,,14.914309820617042,0,,,,0.3157079,,,,,
nircam7,14208,F150W,3172.7412,4402.1143,,8452.053227867382,0,,,,0.8129413,,,,,
nircam7,14208,F200W,3172.7412,4402.1143,,11258.230811598794,0,,,,0.7683532,,,,,
nircam7,14208,F277W,3172.7412,4402.1143,,12340.46406537094,0,,,,0.618702,,,,,
nircam7,14208,F356W,3172.7412,4402.1143,,30.690907974401366,0,,,,0.5797534,,,,,
nircam7,14208,F410M,3172.7412,4402.1143,,7762.354912907257,0,,,,0.5416142,,,,,
nircam7,14208,F444W,3172.7412,4402.1143,,16697.33823307693,0,,,,0.6932825,,,,,
nircam8,1398,F606W,842.7944,841.1067,-0.0005972339019213914,-0.4151423967314415,0,-0.3171632427001248,-0.16287684767144073,-0.008142960766690402,-0.006543599,,,0.020631643642850875,0.04017512872815132,0.8035896509249126
nircam8,1398,F814W,842.7944,841.1067,-0.003184294359527004,-2.1868377674662898,0,-1.7374428412875331,-0.9437320388928293,-0.009359981261472047,-0.02088448,,,0.01202024003536343,0.022129669785499573,2.2312523301692475
nircam8,1398,F115W,842.7944,841.1067,,16.090382930856595,0,,,,0.3387238,,,,,
nircam8,1398,F150W,842.7944,841.1067,,12137.4863588274,0,,,,1.092747,,,,,
nircam8,1398,F200W,842.7944,841.1067,,12056.18342314528,0,,,,0.8314483,,,,,
nircam8,1398,F277W,842.7944,841.1067,,19701.708560389146,0,,,,0.8782604,,,,,
nircam8,1398,F356W,842.7944,841.1067,,40.54193309111158,0,,,,0.7630081,,,,,
nircam8,1398,F410M,842.7944,841.1067,,12649.20640774109,0,,,,0.7786367,,,,,
nircam8,1398,F444W,842.7944,841.1067,,31541.235104019663,0,,,,1.174037,,,,,
nircam8,2080,F606W,9812.8047,1110.6442,0.0014356159512293187,0.9963823405515491,0,0.6739140085307013,0.41032266162733183,0.01957384590741792,0.01572934,,,0.0233402775441541,0.03833407163619995,0.8035896509249126
nircam8,2080,F814W,9812.8047,1110.6442,0.003415498030289023,2.34203127956833,0,1.9406536022324996,1.244491400527047,0.01003958615397875,0.02240085,,,0.011542940983506994,0.018000002950429916,2.2312523301692475
nircam8,2080,F115W,9812.8047,1110.6442,,14.407246970034011,0,,,,0.3037562,,,,,
nircam8,2080,F150W,9812.8047,1110.6442,,10884.492461127847,0,,,,0.9814401,,,,,
nircam8,2080,F200W,9812.8047,1110.6442,,12747.130415747131,0,,,,0.8804457,,,,,
nircam8,2080,F277W,9812.8047,1110.6442,,16104.831860119662,0,,,,0.7190189,,,,,
nircam8,2080,F356W,9812.8047,1110.6442,,36.848477774741966,0,,,,0.6945588,,,,,
nircam8,2080,F410M,9812.8047,1110.6442,,11908.847071051861,0,,,,0.7341859,,,,,
nircam8,2080,F444W,9812.8047,1110.6442,,29009.710748401725,0,,,,1.081462,,,,,
nircam8,2288,F606W,9120.8135,1194.7028,0.006718082898709618,4.669796920500181,0,3.22472946690547,1.8639638693552756,0.09159742153881695,0.07360674,,,0.02282571011162523,0.03948935866355896,0.8035896509249126
nircam8,2288,F814W,9120.8135,1194.7028,0.003613276831985807,2.4814446619411226,0,2.4594011393828445,1.3330626210609304,0.010620941289146993,0.023698,,,0.009635679036054572,0.017777109518647194,2.2312523301692475
nircam8,2288,F115W,9120.8135,1194.7028,,21.75331998183487,0,,,,0.4579361,,,,,
nircam8,2288,F150W,9120.8135,1194.7028,,9379.476456655086,0,,,,0.8444413,,,,,
nircam8,2288,F200W,9120.8135,1194.7028,,9823.050913028113,0,,,,0.6774415,,,,,
nircam8,2288,F277W,9120.8135,1194.7028,,8875.60826131705,0,,,,0.3956558,,,,,
nircam8,2288,F356W,9120.8135,1194.7028,,15.108282474912622,0,,,,0.2843412,,,,,
nircam8,2288,F410M,9120.8135,1194.7028,,3425.531510488713,0,,,,0.2108626,,,,,
nircam8,2288,F444W,9120.8135,1194.7028,,12653.598153149633,0,,,,0.4709959,,,,,
nircam8,4493,F606W,1784.5333,1792.387,0.025654794217888067,17.810121761984686,0,14.0571916425473,7.863886298499815,0.3497892234879773,0.281087,,,0.019995957026667118,0.03574403002858162,0.8035896509249126
nircam8,4493,F814W,1784.5333,1792.387,0.028422314888746893,19.494348310872496,0,17.042451701239525,10.752881299442565,0.08354514524399854,0.1864103,,,0.010937997846075284,0.01733584702014923,2.2312523301692475
nircam8,4493,F115W,1784.5333,1792.387,,73.5450245016294,0,,,,1.550196,,,,,
nircam8,4493,F150W,1784.5333,1792.387,,26780.481684703947,0,,,,2.414145,,,,,
nircam8,4493,F200W,1784.5333,1792.387,,23862.46005214582,0,,,,1.647763,,,,,
nircam8,4493,F277W,1784.5333,1792.387,,27786.28509286142,0,,,,1.240235,,,,,
nircam8,4493,F356W,1784.5333,1792.387,,58.58389619321341,0,,,,1.103969,,,,,
nircam8,4493,F410M,1784.5333,1792.387,,18040.22892929719,0,,,,1.111905,,,,,
nircam8,4493,F444W,1784.5333,1792.387,,23433.250665887485,0,,,,0.8733528,,,,,
nircam8,6986,F606W,9195.8779,2493.7566,0.002942242655518521,2.0425694902496003,0,1.9634055717146879,0.9683053449852473,0.04011588497051487,0.03223671,,,0.016418772801916278,0.033291880041360855,0.8035896509249126
nircam8,6986,F814W,9195.8779,2493.7566,0.0038371542325234638,2.6318342268795054,0,2.8082992383239995,1.4761395868818012,0.011279011190137805,0.02516632,,,0.008961409687601285,0.01704873889684677,2.2312523301692475
nircam8,6986,F115W,9195.8779,2493.7566,,21.82338236822042,0,,,,0.4599974,,,,,
nircam8,6986,F150W,9195.8779,2493.7566,,13921.475336202984,0,,,,1.254961,,,,,
nircam8,6986,F200W,9195.8779,2493.7566,,11610.970895776143,0,,,,0.8017668,,,,,
nircam8,6986,F277W,9195.8779,2493.7566,,14813.391079021543,0,,,,0.6611926,,,,,
nircam8,6986,F356W,9195.8779,2493.7566,,35.644775273505324,0,,,,0.6716987,,,,,
nircam8,6986,F410M,9195.8779,2493.7566,,10490.940581409026,0,,,,0.6466065,,,,,
nircam8,6986,F444W,9195.8779,2493.7566,,15456.091673126319,0,,,,0.5760456,,,,,
nircam8,8954,F606W,7877.9414,2968.9441,-0.00047134828267708694,-0.32680433247355484,0,-0.31499284635786007,-0.16797559913147747,-0.006426578533031101,-0.005164332,,,0.01639507709369646,0.030744532123208046,0.8035896509249126
nircam8,8954,F814W,7877.9414,2968.9441,-0.0032227355509727067,-2.2076046143642714,0,-2.0766198189938634,-1.2459481985575362,-0.009472976101450937,-0.0211366,,,0.010178367656262104,0.016964267939329147,2.2312523301692475
nircam8,8954,F115W,7877.9414,2968.9441,,9.704610701808999,0,,,,0.2048161,,,,,
nircam8,8954,F150W,7877.9414,2968.9441,,8933.130970844713,0,,,,0.8063086,,,,,
nircam8,8954,F200W,7877.9414,2968.9441,,10128.402404091961,0,,,,0.7002823,,,,,
nircam8,8954,F277W,7877.9414,2968.9441,,14484.054396762884,0,,,,0.647316,,,,,
nircam8,8954,F356W,7877.9414,2968.9441,,31.872898585135655,0,,,,0.6013855,,,,,
nircam8,8954,F410M,7877.9414,2968.9441,,4955.173314510792,0,,,,0.3057998,,,,,
nircam8,8954,F444W,7877.9414,2968.9441,,34872.620639183944,0,,,,1.301351,,,,,
nircam8,9454,F606W,8978.2744,3107.9836,0.0018921892731377464,1.3132648568867604,0,1.3679737129774572,0.6651644170626686,0.02579897585308397,0.02073179,,,0.015155108466869818,0.03116791695356369,0.8035896509249126
nircam8,9454,F814W,8978.2744,3107.9836,0.0024572478051493726,1.6849522881509216,0,1.412005842955977,0.8395193951275873,0.007222885454097227,0.01611608,,,0.011413607160620273,0.01919679157435894,2.2312523301692475
nircam8,9454,F115W,8978.2744,3107.9836,,8.530690011226751,0,,,,0.1798574,,,,,
nircam8,9454,F150W,8978.2744,3107.9836,,7668.890721011048,0,,,,0.6914936,,,,,
nircam8,9454,F200W,8978.2744,3107.9836,,9415.269499353628,0,,,,0.6503137,,,,,
nircam8,9454,F277W,8978.2744,3107.9836,,13523.994000827843,0,,,,0.6037944,,,,,
nircam8,9454,F356W,8978.2744,3107.9836,,23.93793321148811,0,,,,0.4512073,,,,,
nircam8,9454,F410M,8978.2744,3107.9836,,6867.048518372774,0,,,,0.4233567,,,,,
nircam8,9454,F444W,8978.2744,3107.9836,,15085.633290959517,0,,,,0.562382,,,,,
nircam8,11712,F606W,8255.791,3633.8535,0.0045512240363870405,3.1587551349416745,0,2.806867192641415,1.56272314429541,0.06205347460934315,0.04986553,,,0.017765546631749903,0.03190938010811806,0.8035896509249126
nircam8,11712,F814W,8255.791,3633.8535,0.00012919855432249737,0.08859236714965743,0,0.08673762588934045,0.050285313674998715,0.0003797689255234189,0.0008473603,,,0.009769235568899007,0.016851048916578293,2.2312523301692475
nircam8,11712,F115W,8255.791,3633.8535,,6.967444318016351,0,,,,0.1468986,,,,,
nircam8,11712,F150W,8255.791,3633.8535,,8005.383466938513,0,,,,0.7218347,,,,,
nircam8,11712,F200W,8255.791,3633.8535,,8761.084932396952,0,,,,0.6051291,,,,,
nircam8,11712,F277W,8255.791,3633.8535,,15050.790482316957,0,,,,0.67196,,,,,
nircam8,11712,F356W,8255.791,3633.8535,,39.20708470718684,0,,,,0.7390163,,,,,
nircam8,11712,F410M,8255.791,3633.8535,,16982.40369982641,0,,,,1.046973,,,,,
nircam8,11712,F444W,8255.791,3633.8535,,33017.671196167525,0,,,,1.230876,,,,,
nircam8,14604,F606W,9364.9355,4539.0454,0.000627530046505402,0.43542332812132883,0,0.4893860759473371,0.23908699737727201,0.008556032288477605,0.006875539,,,0.014049314718835354,0.028757475316524506,0.8035896509249126
nircam8,14604,F814W,9364.9355,4539.0454,-0.0017701488636496323,-1.213494725960566,0,-1.0795101293819893,-0.5701990591065786,-0.005203212493281461,-0.01160968,,,0.01075458180892332,0.02036074921488762,2.2312523301692475
nircam8,14604,F115W,9364.9355,4539.0454,,15.116817211684046,0,,,,0.3187975,,,,,
nircam8,14604,F150W,9364.9355,4539.0454,,7515.923319705313,0,,,,0.6778733,,,,,
nircam8,14604,F200W,9364.9355,4539.0454,,10768.87481145344,0,,,,0.7439969,,,,,
nircam8,14604,F277W,9364.9355,4539.0454,,12259.265122813555,0,,,,0.5474685,,,,,
nircam8,14604,F356W,9364.9355,4539.0454,,24.423340590913792,0,,,,0.460474,,,,,
nircam8,14604,F410M,9364.9355,4539.0454,,10209.458477712898,0,,,,0.6295781,,,,,
nircam8,14604,F444W,9364.9355,4539.0454,,17281.690480787795,0,,,,0.6444135,,,,,
nircam9,2646,F606W,9788.3516,1305.5209,-0.00026130420140211977,-0.1728611692081786,0,-0.1464730081584656,-0.07997570565688959,-0.0035370772646040383,-0.002862982,,,0.01954614052100719,0.03579814359545708,0.8094202602386465
nircam9,2646,F814W,9788.3516,1305.5209,0.0019464855554265006,1.2940795924534223,0,1.119263248432436,0.5998219640834868,0.008151714951700273,0.0127662,,,0.011405895813946782,0.021283315494656563,1.5660753688813964
nircam9,2646,F115W,9788.3516,1305.5209,,5.566935027576104,0,,,,0.1005541,,,,,
nircam9,2646,F150W,9788.3516,1305.5209,,5993.578765197575,0,,,,0.4663265,,,,,
nircam9,2646,F200W,9788.3516,1305.5209,,7098.736849215377,0,,,,0.5443907,,,,,
nircam9,2646,F277W,9788.3516,1305.5209,,10273.942601297545,0,,,,0.4465901,,,,,
nircam9,2646,F356W,9788.3516,1305.5209,,16.74379027645771,0,,,,0.3237951,,,,,
nircam9,2646,F410M,9788.3516,1305.5209,,5568.2503906119155,0,,,,0.3706708,,,,,
nircam9,2646,F444W,9788.3516,1305.5209,,10749.43075961057,0,,,,0.3345268,,,,,
nircam9,3096,F606W,2988.968,1432.7687,0.008338006632937711,5.514455643725244,0,4.42238949394075,2.0587790888978197,0.11286528703033091,0.09135545,,,0.020657486213091103,0.04437360167503357,0.8094202602386465
nircam9,3096,F814W,2988.968,1432.7687,0.00666929971150551,4.4328131052007205,0,3.6453697211877336,2.2710732119399406,0.027930456521542194,0.0437412,,,0.011999112119071492,0.019260143861174583,1.5660753688813964
nircam9,3096,F115W,2988.968,1432.7687,,10.28931209574846,0,,,,0.1859005,,,,,
nircam9,3096,F150W,2988.968,1432.7687,,13109.603353302706,0,,,,1.020244,,,,,
nircam9,3096,F200W,2988.968,1432.7687,,9255.714403414928,0,,,,0.7099866,,,,,
nircam9,3096,F277W,2988.968,1432.7687,,16521.77242963893,0,,,,0.7183551,,,,,
nircam9,3096,F356W,2988.968,1432.7687,,26.664874472293533,0,,,,0.5157824,,,,,
nircam9,3096,F410M,2988.968,1432.7687,,7419.288080091816,0,,,,0.4940176,,,,,
nircam9,3096,F444W,2988.968,1432.7687,,23970.648611522487,0,,,,0.7461665,,,,,
nircam9,5572,F606W,9066.3271,2100.5781,0.00659612982746101,4.361330439883264,0,4.917315464744162,2.105697837811886,0.08928681866536428,0.07227056,,,0.014697157527956183,0.03432142734527588,0.8094202602386465
nircam9,5572,F814W,9066.3271,2100.5781,0.0016088870592209973,1.069089943825319,0,1.0144464872788421,0.5746446392437871,0.006737881336794803,0.01055203,,,0.010401761090725282,0.018362704664468765,1.5660753688813964
nircam9,5572,F115W,9066.3271,2100.5781,,12.120148694606112,0,,,,0.2190346,,,,,
nircam9,5572,F150W,9066.3271,2100.5781,,3753.5619324705654,0,,,,0.2921922,,,,,
nircam9,5572,F200W,9066.3271,2100.5781,,5385.033648322732,0,,,,0.4131799,,,,,
nircam9,5572,F277W,9066.3271,2100.5781,,16759.622877432408,0,,,,0.7288822,,,,,
nircam9,5572,F356W,9066.3271,2100.5781,,57.48932967956477,0,,,,1.112307,,,,,
nircam9,5572,F410M,9066.3271,2100.5781,,27662.042267763707,0,,,,1.842362,,,,,
nircam9,5572,F444W,9066.3271,2100.5781,,89128.43096762426,0,,,,2.775126,,,,,
nircam9,9061,F606W,1851.1987,3038.0452,-0.0018588237204005748,-1.229671930019466,0,-1.2149669643311762,-0.6237991762947739,-0.02516149026711451,-0.02036622,,,0.01676277676505496,0.03264867886900902,0.8094202602386465
nircam9,9061,F814W,1851.1987,3038.0452,0.0004856913108468726,0.32290155549660465,0,0.3683539329981886,0.18715602212885274,0.002034033650803969,0.00318545,,,0.00864779690031344,0.017020290717482567,1.5660753688813964
nircam9,9061,F115W,1851.1987,3038.0452,,4.625579507870898,0,,,,0.08355064,,,,,
nircam9,9061,F150W,1851.1987,3038.0452,,4560.552205628605,0,,,,0.3548308,,,,,
nircam9,9061,F200W,1851.1987,3038.0452,,5336.479224560589,0,,,,0.409246,,,,,
nircam9,9061,F277W,1851.1987,3038.0452,,12632.023434126486,0,,,,0.5490917,,,,,
nircam9,9061,F356W,1851.1987,3038.0452,,15.522995394612327,0,,,,0.3001871,,,,,
nircam9,9061,F410M,1851.1987,3038.0452,,11517.388896241368,0,,,,0.7666968,,,,,
nircam9,9061,F444W,1851.1987,3038.0452,,27130.157626407356,0,,,,0.8443019,,,,,
nircam9,8076,F606W,9368.7188,2791.4448,0.005189171725354827,3.4336775151270285,0,3.4002387709553235,1.7844627924622152,0.07024189137943869,0.05685521,,,0.016720946330491402,0.03186124563217163,0.8094202602386465
nircam9,8076,F814W,9368.7188,2791.4448,-0.001505056047176527,-1.0008595124515238,0,-0.9413081701602939,-0.5555225981416784,-0.006303045942833906,-0.009871045,,,0.010486517925706599,0.01776893436908722,1.5660753688813964
nircam9,8076,F115W,9368.7188,2791.4448,,2.8405799268363188,0,,,,0.05129559,,,,,
nircam9,8076,F150W,9368.7188,2791.4448,,-1332.3176215116296,0,,,,-0.1036337,,,,,
nircam9,8076,F200W,9368.7188,2791.4448,,916.109084719544,0,,,,0.07023703,,,,,
nircam9,8076,F277W,9368.7188,2791.4448,,-1899.976666675871,0,,,,-0.08256759,,,,,
nircam9,8076,F356W,9368.7188,2791.4448,,-0.7320481925218109,0,,,,-0.0141529,,,,,
nircam9,8076,F410M,9368.7188,2791.4448,,10393.955553632239,0,,,,0.6917351,,,,,
nircam9,8076,F444W,9368.7188,2791.4448,,-4461.70653650672,0,,,,-0.1388148,,,,,
nircam10,1424,F606W,9905.543,798.6576,0.002291452372996431,1.418893089865098,0,0.9057742985484348,0.5382398814219608,0.07866431015853713,0.02510632,,,0.02771807506597902,0.04664522036910057,0.31915769615727463
nircam10,1424,F814W,9905.543,798.6576,0.007472104931572601,4.07089313571895,0,2.185697156533497,1.1833903711810412,0.0973078817461463,0.04900647,,,0.022421436498423226,0.04141192138195038,0.5036228219194672
nircam10,1424,F115W,9905.543,798.6576,,18.016576479896287,0,,,,0.4082958,,,,,
nircam10,1424,F150W,9905.543,798.6576,,40.6455214210243,0,,,,1.121351,,,,,
nircam10,1424,F200W,9905.543,798.6576,,29.46196195875915,0,,,,0.6905987,,,,,
nircam10,1424,F277W,9905.543,798.6576,,28.093003342172775,0,,,,0.5925115,,,,,
nircam10,1424,F356W,9905.543,798.6576,,25.046740635445733,0,,,,0.529838,,,,,
nircam10,1424,F410M,9905.543,798.6576,,12.437463540866661,0,,,,0.58867,,,,,
nircam10,1424,F444W,9905.543,798.6576,,10.891644948643263,0,,,,0.4262772,,,,,
nircam10,1935,F606W,2762.9929,1035.684,-0.0012820624879239467,-0.7954868764115192,0,-0.8151538959748001,-0.4397946217858022,-0.044012505946521015,-0.01404693,,,0.017232242978121332,0.03193974494934082,0.31915769615727463
nircam10,1935,F814W,2762.9929,1035.684,-0.0009133102279546563,-0.4985976069087504,0,-0.6191891464358945,-0.33708627259827934,-0.011893875216317832,-0.005990027,,,0.009673985783631878,0.017770010977983475,0.5036228219194672
nircam10,1935,F115W,2762.9929,1035.684,,13.182082675616043,0,,,,0.2981273,,,,,
nircam10,1935,F150W,2762.9929,1035.684,,24.95187304843495,0,,,,0.6869847,,,,,
nircam10,1935,F200W,2762.9929,1035.684,,32.61594784340196,0,,,,0.7629728,,,,,
nircam10,1935,F277W,2762.9929,1035.684,,25.151001466162807,0,,,,0.5293818,,,,,
nircam10,1935,F356W,2762.9929,1035.684,,26.32522709821604,0,,,,0.5557495,,,,,
nircam10,1935,F410M,2762.9929,1035.684,,7.909546185431908,0,,,,0.3735999,,,,,
nircam10,1935,F444W,2762.9929,1035.684,,15.793522150076564,0,,,,0.6168686,,,,,
nircam10,7847,F606W,9867.1191,2995.8438,0.005209069485434238,3.229621204404758,0,2.5423187078989553,1.461072364405521,0.17882451429864765,0.05707322,,,0.02244927822096976,0.03906255215406418,0.31915769615727463
nircam10,7847,F814W,9867.1191,2995.8438,0.0030782334473362016,1.679194374092881,0,0.9888271403252692,0.5420164550814688,0.04008728183336446,0.02018887,,,0.020416986120909853,0.037247706204652786,0.5036228219194672
nircam10,7847,F115W,9867.1191,2995.8438,,52.32711288312279,0,,,,1.184341,,,,,
nircam10,7847,F150W,9867.1191,2995.8438,,88.25795381051962,0,,,,2.431812,,,,,
nircam10,7847,F200W,9867.1191,2995.8438,,66.23982189219043,0,,,,1.55071,,,,,
nircam10,7847,F277W,9867.1191,2995.8438,,41.77328411882692,0,,,,0.8799229,,,,,
nircam10,7847,F356W,9867.1191,2995.8438,,42.811109159954505,0,,,,0.9044733,,,,,
nircam10,7847,F410M,9867.1191,2995.8438,,14.90649288558119,0,,,,0.7046329,,,,,
nircam10,7847,F444W,9867.1191,2995.8438,,19.23359518545485,0,,,,0.751807,,,,,
nircam10,9562,F606W,797.4572,3594.7715,0.004459686673346606,2.764300221200138,0,3.3058133853068123,1.6319668106540957,0.1530986110888627,0.0488626,,,0.014780810138036591,0.029940925538539886,0.31915769615727463
nircam10,9562,F814W,797.4572,3594.7715,0.0012636125224707439,0.6891326383397319,0,0.7197781741205473,0.37233227620718945,0.016455799140344025,0.008287516,,,0.011513986250174933,0.02225838601589203,0.5036228219194672
nircam10,9562,F115W,797.4572,3594.7715,,15.724968837210536,0,,,,0.3560004,,,,,
nircam10,9562,F150W,797.4572,3594.7715,,43.36386739273047,0,,,,1.195129,,,,,
nircam10,9562,F200W,797.4572,3594.7715,,48.14780176371362,0,,,,1.127453,,,,,
nircam10,9562,F277W,797.4572,3594.7715,,38.13274752938116,0,,,,0.8034425,,,,,
nircam10,9562,F356W,797.4572,3594.7715,,34.89409415377772,0,,,,0.7373977,,,,,
nircam10,9562,F410M,797.4572,3594.7715,,15.969777241988272,0,,,,0.755087,,,,,
nircam10,9562,F444W,797.4572,3594.7715,,17.652225755776865,0,,,,0.6901699,,,,,
nircam10,10415,F606W,6457.4668,4542.7227,0.000984552595726075,0.6094913833092545,0,0.6318187278074612,0.33319535229526304,0.033799153615535094,0.01078726,,,0.017073346397049632,0.03237517923116684,0.31915769615727463
nircam10,10415,F814W,6457.4668,4542.7227,0.006037944461868965,3.2887092112824843,0,2.4057024454582088,1.5633758722690057,0.07863106729172885,0.0396004,,,0.016461054888464145,0.025330057367682457,0.5036228219194672
nircam10,10415,F115W,6457.4668,4542.7227,,16.994704867965797,0,,,,0.3852358,,,,,
nircam10,10415,F150W,6457.4668,4542.7227,,35.21208121886274,0,,,,0.9716971,,,,,
nircam10,10415,F200W,6457.4668,4542.7227,,31.186826413196787,0,,,,0.731216,,,,,
nircam10,10415,F277W,6457.4668,4542.7227,,25.560542707936843,0,,,,0.5392362,,,,,
nircam10,10415,F356W,6457.4668,4542.7227,,26.470066424535723,0,,,,0.5600894,,,,,
nircam10,10415,F410M,6457.4668,4542.7227,,7.484850270676855,0,,,,0.354351,,,,,
nircam10,10415,F444W,6457.4668,4542.7227,,13.333687545245036,0,,,,0.5219864,,,,,
