combo_index,num_sources,veto_snr,star_cut,color1_min,color2_max,color2_min,color3_intercept,color3_slope,snr_threshold
0,3,2,0.8,0.5,0.5,-1.5,0.3,0.3,4
1,3,2,0.8,0.5,0.5,-1.5,0.3,0.3,5
2,3,2,0.8,0.5,0.5,-1.5,0.3,0.3,6
3,3,2,0.8,0.5,0.5,-1.5,0.3,0.44,4
4,3,2,0.8,0.5,0.5,-1.5,0.3,0.44,5
5,3,2,0.8,0.5,0.5,-1.5,0.3,0.44,6
6,2,2,0.8,0.5,0.5,-1.5,0.3,0.6,4
7,2,2,0.8,0.5,0.5,-1.5,0.3,0.6,5
8,2,2,0.8,0.5,0.5,-1.5,0.3,0.6,6
9,2,2,0.8,0.5,0.5,-1.5,0.65,0.3,4
10,2,2,0.8,0.5,0.5,-1.5,0.65,0.3,5
11,2,2,0.8,0.5,0.5,-1.5,0.65,0.3,6
12,2,2,0.8,0.5,0.5,-1.5,0.65,0.44,4
13,2,2,0.8,0.5,0.5,-1.5,0.65,0.44,5
14,2,2,0.8,0.5,0.5,-1.5,0.65,0.44,6
15,2,2,0.8,0.5,0.5,-1.5,0.65,0.6,4
16,2,2,0.8,0.5,0.5,-1.5,0.65,0.6,5
17,2,2,0.8,0.5,0.5,-1.5,0.65,0.6,6
18,1,2,0.8,0.5,0.5,-1.5,1.0,0.3,4
19,1,2,0.8,0.5,0.5,-1.5,1.0,0.3,5
20,1,2,0.8,0.5,0.5,-1.5,1.0,0.3,6
21,1,2,0.8,0.5,0.5,-1.5,1.0,0.44,4
22,1,2,0.8,0.5,0.5,-1.5,1.0,0.44,5
23,1,2,0.8,0.5,0.5,-1.5,1.0,0.44,6
24,1,2,0.8,0.5,0.5,-1.5,1.0,0.6,4
25,1,2,0.8,0.5,0.5,-1.5,1.0,0.6,5
26,1,2,0.8,0.5,0.5,-1.5,1.0,0.6,6
27,3,2,0.8,0.5,0.5,-1.0,0.3,0.3,4
28,3,2,0.8,0.5,0.5,-1.0,0.3,0.3,5
29,3,2,0.8,0.5,0.5,-1.0,0.3,0.3,6
30,3,2,0.8,0.5,0.5,-1.0,0.3,0.44,4
31,3,2,0.8,0.5,0.5,-1.0,0.3,0.44,5
32,3,2,0.8,0.5,0.5,-1.0,0.3,0.44,6
33,2,2,0.8,0.5,0.5,-1.0,0.3,0.6,4
34,2,2,0.8,0.5,0.5,-1.0,0.3,0.6,5
35,2,2,0.8,0.5,0.5,-1.0,0.3,0.6,6
36,2,2,0.8,0.5,0.5,-1.0,0.65,0.3,4
37,2,2,0.8,0.5,0.5,-1.0,0.65,0.3,5
38,2,2,0.8,0.5,0.5,-1.0,0.65,0.3,6
39,2,2,0.8,0.5,0.5,-1.0,0.65,0.44,4
40,2,2,0.8,0.5,0.5,-1.0,0.65,0.44,5
41,2,2,0.8,0.5,0.5,-1.0,0.65,0.44,6
42,2,2,0.8,0.5,0.5,-1.0,0.65,0.6,4
43,2,2,0.8,0.5,0.5,-1.0,0.65,0.6,5
44,2,2,0.8,0.5,0.5,-1.0,0.65,0.6,6
45,1,2,0.8,0.5,0.5,-1.0,1.0,0.3,4
46,1,2,0.8,0.5,0.5,-1.0,1.0,0.3,5
47,1,2,0.8,0.5,0.5,-1.0,1.0,0.3,6
48,1,2,0.8,0.5,0.5,-1.0,1.0,0.44,4
49,1,2,0.8,0.5,0.5,-1.0,1.0,0.44,5
50,1,2,0.8,0.5,0.5,-1.0,1.0,0.44,6
51,1,2,0.8,0.5,0.5,-1.0,1.0,0.6,4
52,1,2,0.8,0.5,0.5,-1.0,1.0,0.6,5
53,1,2,0.8,0.5,0.5,-1.0,1.0,0.6,6
54,3,2,0.8,0.5,0.5,-0.5,0.3,0.3,4
55,3,2,0.8,0.5,0.5,-0.5,0.3,0.3,5
56,3,2,0.8,0.5,0.5,-0.5,0.3,0.3,6
57,3,2,0.8,0.5,0.5,-0.5,0.3,0.44,4
58,3,2,0.8,0.5,0.5,-0.5,0.3,0.44,5
59,3,2,0.8,0.5,0.5,-0.5,0.3,0.44,6
60,2,2,0.8,0.5,0.5,-0.5,0.3,0.6,4
61,2,2,0.8,0.5,0.5,-0.5,0.3,0.6,5
62,2,2,0.8,0.5,0.5,-0.5,0.3,0.6,6
63,2,2,0.8,0.5,0.5,-0.5,0.65,0.3,4
64,2,2,0.8,0.5,0.5,-0.5,0.65,0.3,5
65,2,2,0.8,0.5,0.5,-0.5,0.65,0.3,6
66,2,2,0.8,0.5,0.5,-0.5,0.65,0.44,4
67,2,2,0.8,0.5,0.5,-0.5,0.65,0.44,5
68,2,2,0.8,0.5,0.5,-0.5,0.65,0.44,6
69,2,2,0.8,0.5,0.5,-0.5,0.65,0.6,4
70,2,2,0.8,0.5,0.5,-0.5,0.65,0.6,5
71,2,2,0.8,0.5,0.5,-0.5,0.65,0.6,6
72,1,2,0.8,0.5,0.5,-0.5,1.0,0.3,4
73,1,2,0.8,0.5,0.5,-0.5,1.0,0.3,5
74,1,2,0.8,0.5,0.5,-0.5,1.0,0.3,6
75,1,2,0.8,0.5,0.5,-0.5,1.0,0.44,4
76,1,2,0.8,0.5,0.5,-0.5,1.0,0.44,5
77,1,2,0.8,0.5,0.5,-0.5,1.0,0.44,6
78,1,2,0.8,0.5,0.5,-0.5,1.0,0.6,4
79,1,2,0.8,0.5,0.5,-0.5,1.0,0.6,5
80,1,2,0.8,0.5,0.5,-0.5,1.0,0.6,6
81,3,2,0.8,0.5,1.0,-1.5,0.3,0.3,4
82,3,2,0.8,0.5,1.0,-1.5,0.3,0.3,5
83,3,2,0.8,0.5,1.0,-1.5,0.3,0.3,6
84,3,2,0.8,0.5,1.0,-1.5,0.3,0.44,4
85,3,2,0.8,0.5,1.0,-1.5,0.3,0.44,5
86,3,2,0.8,0.5,1.0,-1.5,0.3,0.44,6
87,2,2,0.8,0.5,1.0,-1.5,0.3,0.6,4
88,2,2,0.8,0.5,1.0,-1.5,0.3,0.6,5
89,2,2,0.8,0.5,1.0,-1.5,0.3,0.6,6
90,2,2,0.8,0.5,1.0,-1.5,0.65,0.3,4
91,2,2,0.8,0.5,1.0,-1.5,0.65,0.3,5
92,2,2,0.8,0.5,1.0,-1.5,0.65,0.3,6
93,2,2,0.8,0.5,1.0,-1.5,0.65,0.44,4
94,2,2,0.8,0.5,1.0,-1.5,0.65,0.44,5
95,2,2,0.8,0.5,1.0,-1.5,0.65,0.44,6
96,2,2,0.8,0.5,1.0,-1.5,0.65,0.6,4
97,2,2,0.8,0.5,1.0,-1.5,0.65,0.6,5
98,2,2,0.8,0.5,1.0,-1.5,0.65,0.6,6
99,1,2,0.8,0.5,1.0,-1.5,1.0,0.3,4
100,1,2,0.8,0.5,1.0,-1.5,1.0,0.3,5
101,1,2,0.8,0.5,1.0,-1.5,1.0,0.3,6
102,1,2,0.8,0.5,1.0,-1.5,1.0,0.44,4
103,1,2,0.8,0.5,1.0,-1.5,1.0,0.44,5
104,1,2,0.8,0.5,1.0,-1.5,1.0,0.44,6
105,1,2,0.8,0.5,1.0,-1.5,1.0,0.6,4
106,1,2,0.8,0.5,1.0,-1.5,1.0,0.6,5
107,1,2,0.8,0.5,1.0,-1.5,1.0,0.6,6
108,3,2,0.8,0.5,1.0,-1.0,0.3,0.3,4
109,3,2,0.8,0.5,1.0,-1.0,0.3,0.3,5
110,3,2,0.8,0.5,1.0,-1.0,0.3,0.3,6
111,3,2,0.8,0.5,1.0,-1.0,0.3,0.44,4
112,3,2,0.8,0.5,1.0,-1.0,0.3,0.44,5
113,3,2,0.8,0.5,1.0,-1.0,0.3,0.44,6
114,2,2,0.8,0.5,1.0,-1.0,0.3,0.6,4
115,2,2,0.8,0.5,1.0,-1.0,0.3,0.6,5
116,2,2,0.8,0.5,1.0,-1.0,0.3,0.6,6
117,2,2,0.8,0.5,1.0,-1.0,0.65,0.3,4
118,2,2,0.8,0.5,1.0,-1.0,0.65,0.3,5
119,2,2,0.8,0.5,1.0,-1.0,0.65,0.3,6
120,2,2,0.8,0.5,1.0,-1.0,0.65,0.44,4
121,2,2,0.8,0.5,1.0,-1.0,0.65,0.44,5
122,2,2,0.8,0.5,1.0,-1.0,0.65,0.44,6
123,2,2,0.8,0.5,1.0,-1.0,0.65,0.6,4
124,2,2,0.8,0.5,1.0,-1.0,0.65,0.6,5
125,2,2,0.8,0.5,1.0,-1.0,0.65,0.6,6
126,1,2,0.8,0.5,1.0,-1.0,1.0,0.3,4
127,1,2,0.8,0.5,1.0,-1.0,1.0,0.3,5
128,1,2,0.8,0.5,1.0,-1.0,1.0,0.3,6
129,1,2,0.8,0.5,1.0,-1.0,1.0,0.44,4
130,1,2,0.8,0.5,1.0,-1.0,1.0,0.44,5
131,1,2,0.8,0.5,1.0,-1.0,1.0,0.44,6
132,1,2,0.8,0.5,1.0,-1.0,1.0,0.6,4
133,1,2,0.8,0.5,1.0,-1.0,1.0,0.6,5
134,1,2,0.8,0.5,1.0,-1.0,1.0,0.6,6
135,3,2,0.8,0.5,1.0,-0.5,0.3,0.3,4
136,3,2,0.8,0.5,1.0,-0.5,0.3,0.3,5
137,3,2,0.8,0.5,1.0,-0.5,0.3,0.3,6
138,3,2,0.8,0.5,1.0,-0.5,0.3,0.44,4
139,3,2,0.8,0.5,1.0,-0.5,0.3,0.44,5
140,3,2,0.8,0.5,1.0,-0.5,0.3,0.44,6
141,2,2,0.8,0.5,1.0,-0.5,0.3,0.6,4
142,2,2,0.8,0.5,1.0,-0.5,0.3,0.6,5
143,2,2,0.8,0.5,1.0,-0.5,0.3,0.6,6
144,2,2,0.8,0.5,1.0,-0.5,0.65,0.3,4
145,2,2,0.8,0.5,1.0,-0.5,0.65,0.3,5
146,2,2,0.8,0.5,1.0,-0.5,0.65,0.3,6
147,2,2,0.8,0.5,1.0,-0.5,0.65,0.44,4
148,2,2,0.8,0.5,1.0,-0.5,0.65,0.44,5
149,2,2,0.8,0.5,1.0,-0.5,0.65,0.44,6
150,2,2,0.8,0.5,1.0,-0.5,0.65,0.6,4
151,2,2,0.8,0.5,1.0,-0.5,0.65,0.6,5
152,2,2,0.8,0.5,1.0,-0.5,0.65,0.6,6
153,1,2,0.8,0.5,1.0,-0.5,1.0,0.3,4
154,1,2,0.8,0.5,1.0,-0.5,1.0,0.3,5
155,1,2,0.8,0.5,1.0,-0.5,1.0,0.3,6
156,1,2,0.8,0.5,1.0,-0.5,1.0,0.44,4
157,1,2,0.8,0.5,1.0,-0.5,1.0,0.44,5
158,1,2,0.8,0.5,1.0,-0.5,1.0,0.44,6
159,1,2,0.8,0.5,1.0,-0.5,1.0,0.6,4
160,1,2,0.8,0.5,1.0,-0.5,1.0,0.6,5
161,1,2,0.8,0.5,1.0,-0.5,1.0,0.6,6
162,3,2,0.8,0.5,1.5,-1.5,0.3,0.3,4
163,3,2,0.8,0.5,1.5,-1.5,0.3,0.3,5
164,3,2,0.8,0.5,1.5,-1.5,0.3,0.3,6
165,3,2,0.8,0.5,1.5,-1.5,0.3,0.44,4
166,3,2,0.8,0.5,1.5,-1.5,0.3,0.44,5
167,3,2,0.8,0.5,1.5,-1.5,0.3,0.44,6
168,2,2,0.8,0.5,1.5,-1.5,0.3,0.6,4
169,2,2,0.8,0.5,1.5,-1.5,0.3,0.6,5
170,2,2,0.8,0.5,1.5,-1.5,0.3,0.6,6
171,2,2,0.8,0.5,1.5,-1.5,0.65,0.3,4
172,2,2,0.8,0.5,1.5,-1.5,0.65,0.3,5
173,2,2,0.8,0.5,1.5,-1.5,0.65,0.3,6
174,2,2,0.8,0.5,1.5,-1.5,0.65,0.44,4
175,2,2,0.8,0.5,1.5,-1.5,0.65,0.44,5
176,2,2,0.8,0.5,1.5,-1.5,0.65,0.44,6
177,2,2,0.8,0.5,1.5,-1.5,0.65,0.6,4
178,2,2,0.8,0.5,1.5,-1.5,0.65,0.6,5
179,2,2,0.8,0.5,1.5,-1.5,0.65,0.6,6
180,1,2,0.8,0.5,1.5,-1.5,1.0,0.3,4
181,1,2,0.8,0.5,1.5,-1.5,1.0,0.3,5
182,1,2,0.8,0.5,1.5,-1.5,1.0,0.3,6
183,1,2,0.8,0.5,1.5,-1.5,1.0,0.44,4
184,1,2,0.8,0.5,1.5,-1.5,1.0,0.44,5
185,1,2,0.8,0.5,1.5,-1.5,1.0,0.44,6
186,1,2,0.8,0.5,1.5,-1.5,1.0,0.6,4
187,1,2,0.8,0.5,1.5,-1.5,1.0,0.6,5
188,1,2,0.8,0.5,1.5,-1.5,1.0,0.6,6
189,3,2,0.8,0.5,1.5,-1.0,0.3,0.3,4
190,3,2,0.8,0.5,1.5,-1.0,0.3,0.3,5
191,3,2,0.8,0.5,1.5,-1.0,0.3,0.3,6
192,3,2,0.8,0.5,1.5,-1.0,0.3,0.44,4
193,3,2,0.8,0.5,1.5,-1.0,0.3,0.44,5
194,3,2,0.8,0.5,1.5,-1.0,0.3,0.44,6
195,2,2,0.8,0.5,1.5,-1.0,0.3,0.6,4
196,2,2,0.8,0.5,1.5,-1.0,0.3,0.6,5
197,2,2,0.8,0.5,1.5,-1.0,0.3,0.6,6
198,2,2,0.8,0.5,1.5,-1.0,0.65,0.3,4
199,2,2,0.8,0.5,1.5,-1.0,0.65,0.3,5
200,2,2,0.8,0.5,1.5,-1.0,0.65,0.3,6
201,2,2,0.8,0.5,1.5,-1.0,0.65,0.44,4
202,2,2,0.8,0.5,1.5,-1.0,0.65,0.44,5
203,2,2,0.8,0.5,1.5,-1.0,0.65,0.44,6
204,2,2,0.8,0.5,1.5,-1.0,0.65,0.6,4
205,2,2,0.8,0.5,1.5,-1.0,0.65,0.6,5
206,2,2,0.8,0.5,1.5,-1.0,0.65,0.6,6
207,1,2,0.8,0.5,1.5,-1.0,1.0,0.3,4
208,1,2,0.8,0.5,1.5,-1.0,1.0,0.3,5
209,1,2,0.8,0.5,1.5,-1.0,1.0,0.3,6
210,1,2,0.8,0.5,1.5,-1.0,1.0,0.44,4
211,1,2,0.8,0.5,1.5,-1.0,1.0,0.44,5
212,1,2,0.8,0.5,1.5,-1.0,1.0,0.44,6
213,1,2,0.8,0.5,1.5,-1.0,1.0,0.6,4
214,1,2,0.8,0.5,1.5,-1.0,1.0,0.6,5
215,1,2,0.8,0.5,1.5,-1.0,1.0,0.6,6
216,3,2,0.8,0.5,1.5,-0.5,0.3,0.3,4
217,3,2,0.8,0.5,1.5,-0.5,0.3,0.3,5
218,3,2,0.8,0.5,1.5,-0.5,0.3,0.3,6
219,3,2,0.8,0.5,1.5,-0.5,0.3,0.44,4
220,3,2,0.8,0.5,1.5,-0.5,0.3,0.44,5
221,3,2,0.8,0.5,1.5,-0.5,0.3,0.44,6
222,2,2,0.8,0.5,1.5,-0.5,0.3,0.6,4
223,2,2,0.8,0.5,1.5,-0.5,0.3,0.6,5
224,2,2,0.8,0.5,1.5,-0.5,0.3,0.6,6
225,2,2,0.8,0.5,1.5,-0.5,0.65,0.3,4
226,2,2,0.8,0.5,1.5,-0.5,0.65,0.3,5
227,2,2,0.8,0.5,1.5,-0.5,0.65,0.3,6
228,2,2,0.8,0.5,1.5,-0.5,0.65,0.44,4
229,2,2,0.8,0.5,1.5,-0.5,0.65,0.44,5
230,2,2,0.8,0.5,1.5,-0.5,0.65,0.44,6
231,2,2,0.8,0.5,1.5,-0.5,0.65,0.6,4
232,2,2,0.8,0.5,1.5,-0.5,0.65,0.6,5
233,2,2,0.8,0.5,1.5,-0.5,0.65,0.6,6
234,1,2,0.8,0.5,1.5,-0.5,1.0,0.3,4
235,1,2,0.8,0.5,1.5,-0.5,1.0,0.3,5
236,1,2,0.8,0.5,1.5,-0.5,1.0,0.3,6
237,1,2,0.8,0.5,1.5,-0.5,1.0,0.44,4
238,1,2,0.8,0.5,1.5,-0.5,1.0,0.44,5
239,1,2,0.8,0.5,1.5,-0.5,1.0,0.44,6
240,1,2,0.8,0.5,1.5,-0.5,1.0,0.6,4
241,1,2,0.8,0.5,1.5,-0.5,1.0,0.6,5
242,1,2,0.8,0.5,1.5,-0.5,1.0,0.6,6
243,2,2,0.8,0.75,0.5,-1.5,0.3,0.3,4
244,2,2,0.8,0.75,0.5,-1.5,0.3,0.3,5
245,2,2,0.8,0.75,0.5,-1.5,0.3,0.3,6
246,2,2,0.8,0.75,0.5,-1.5,0.3,0.44,4
247,2,2,0.8,0.75,0.5,-1.5,0.3,0.44,5
248,2,2,0.8,0.75,0.5,-1.5,0.3,0.44,6
249,2,2,0.8,0.75,0.5,-1.5,0.3,0.6,4
250,2,2,0.8,0.75,0.5,-1.5,0.3,0.6,5
251,2,2,0.8,0.75,0.5,-1.5,0.3,0.6,6
252,2,2,0.8,0.75,0.5,-1.5,0.65,0.3,4
253,2,2,0.8,0.75,0.5,-1.5,0.65,0.3,5
254,2,2,0.8,0.75,0.5,-1.5,0.65,0.3,6
255,2,2,0.8,0.75,0.5,-1.5,0.65,0.44,4
256,2,2,0.8,0.75,0.5,-1.5,0.65,0.44,5
257,2,2,0.8,0.75,0.5,-1.5,0.65,0.44,6
258,2,2,0.8,0.75,0.5,-1.5,0.65,0.6,4
259,2,2,0.8,0.75,0.5,-1.5,0.65,0.6,5
260,2,2,0.8,0.75,0.5,-1.5,0.65,0.6,6
261,1,2,0.8,0.75,0.5,-1.5,1.0,0.3,4
262,1,2,0.8,0.75,0.5,-1.5,1.0,0.3,5
263,1,2,0.8,0.75,0.5,-1.5,1.0,0.3,6
264,1,2,0.8,0.75,0.5,-1.5,1.0,0.44,4
265,1,2,0.8,0.75,0.5,-1.5,1.0,0.44,5
266,1,2,0.8,0.75,0.5,-1.5,1.0,0.44,6
267,1,2,0.8,0.75,0.5,-1.5,1.0,0.6,4
268,1,2,0.8,0.75,0.5,-1.5,1.0,0.6,5
269,1,2,0.8,0.75,0.5,-1.5,1.0,0.6,6
270,2,2,0.8,0.75,0.5,-1.0,0.3,0.3,4
271,2,2,0.8,0.75,0.5,-1.0,0.3,0.3,5
272,2,2,0.8,0.75,0.5,-1.0,0.3,0.3,6
273,2,2,0.8,0.75,0.5,-1.0,0.3,0.44,4
274,2,2,0.8,0.75,0.5,-1.0,0.3,0.44,5
275,2,2,0.8,0.75,0.5,-1.0,0.3,0.44,6
276,2,2,0.8,0.75,0.5,-1.0,0.3,0.6,4
277,2,2,0.8,0.75,0.5,-1.0,0.3,0.6,5
278,2,2,0.8,0.75,0.5,-1.0,0.3,0.6,6
279,2,2,0.8,0.75,0.5,-1.0,0.65,0.3,4
280,2,2,0.8,0.75,0.5,-1.0,0.65,0.3,5
281,2,2,0.8,0.75,0.5,-1.0,0.65,0.3,6
282,2,2,0.8,0.75,0.5,-1.0,0.65,0.44,4
283,2,2,0.8,0.75,0.5,-1.0,0.65,0.44,5
284,2,2,0.8,0.75,0.5,-1.0,0.65,0.44,6
285,2,2,0.8,0.75,0.5,-1.0,0.65,0.6,4
286,2,2,0.8,0.75,0.5,-1.0,0.65,0.6,5
287,2,2,0.8,0.75,0.5,-1.0,0.65,0.6,6
288,1,2,0.8,0.75,0.5,-1.0,1.0,0.3,4
289,1,2,0.8,0.75,0.5,-1.0,1.0,0.3,5
290,1,2,0.8,0.75,0.5,-1.0,1.0,0.3,6
291,1,2,0.8,0.75,0.5,-1.0,1.0,0.44,4
292,1,2,0.8,0.75,0.5,-1.0,1.0,0.44,5
293,1,2,0.8,0.75,0.5,-1.0,1.0,0.44,6
294,1,2,0.8,0.75,0.5,-1.0,1.0,0.6,4
295,1,2,0.8,0.75,0.5,-1.0,1.0,0.6,5
296,1,2,0.8,0.75,0.5,-1.0,1.0,0.6,6
297,2,2,0.8,0.75,0.5,-0.5,0.3,0.3,4
298,2,2,0.8,0.75,0.5,-0.5,0.3,0.3,5
299,2,2,0.8,0.75,0.5,-0.5,0.3,0.3,6
300,2,2,0.8,0.75,0.5,-0.5,0.3,0.44,4
301,2,2,0.8,0.75,0.5,-0.5,0.3,0.44,5
302,2,2,0.8,0.75,0.5,-0.5,0.3,0.44,6
303,2,2,0.8,0.75,0.5,-0.5,0.3,0.6,4
304,2,2,0.8,0.75,0.5,-0.5,0.3,0.6,5
305,2,2,0.8,0.75,0.5,-0.5,0.3,0.6,6
306,2,2,0.8,0.75,0.5,-0.5,0.65,0.3,4
307,2,2,0.8,0.75,0.5,-0.5,0.65,0.3,5
308,2,2,0.8,0.75,0.5,-0.5,0.65,0.3,6
309,2,2,0.8,0.75,0.5,-0.5,0.65,0.44,4
310,2,2,0.8,0.75,0.5,-0.5,0.65,0.44,5
311,2,2,0.8,0.75,0.5,-0.5,0.65,0.44,6
312,2,2,0.8,0.75,0.5,-0.5,0.65,0.6,4
313,2,2,0.8,0.75,0.5,-0.5,0.65,0.6,5
314,2,2,0.8,0.75,0.5,-0.5,0.65,0.6,6
315,1,2,0.8,0.75,0.5,-0.5,1.0,0.3,4
316,1,2,0.8,0.75,0.5,-0.5,1.0,0.3,5
317,1,2,0.8,0.75,0.5,-0.5,1.0,0.3,6
318,1,2,0.8,0.75,0.5,-0.5,1.0,0.44,4
319,1,2,0.8,0.75,0.5,-0.5,1.0,0.44,5
320,1,2,0.8,0.75,0.5,-0.5,1.0,0.44,6
321,1,2,0.8,0.75,0.5,-0.5,1.0,0.6,4
322,1,2,0.8,0.75,0.5,-0.5,1.0,0.6,5
323,1,2,0.8,0.75,0.5,-0.5,1.0,0.6,6
324,2,2,0.8,0.75,1.0,-1.5,0.3,0.3,4
325,2,2,0.8,0.75,1.0,-1.5,0.3,0.3,5
326,2,2,0.8,0.75,1.0,-1.5,0.3,0.3,6
327,2,2,0.8,0.75,1.0,-1.5,0.3,0.44,4
328,2,2,0.8,0.75,1.0,-1.5,0.3,0.44,5
329,2,2,0.8,0.75,1.0,-1.5,0.3,0.44,6
330,2,2,0.8,0.75,1.0,-1.5,0.3,0.6,4
331,2,2,0.8,0.75,1.0,-1.5,0.3,0.6,5
332,2,2,0.8,0.75,1.0,-1.5,0.3,0.6,6
333,2,2,0.8,0.75,1.0,-1.5,0.65,0.3,4
334,2,2,0.8,0.75,1.0,-1.5,0.65,0.3,5
335,2,2,0.8,0.75,1.0,-1.5,0.65,0.3,6
336,2,2,0.8,0.75,1.0,-1.5,0.65,0.44,4
337,2,2,0.8,0.75,1.0,-1.5,0.65,0.44,5
338,2,2,0.8,0.75,1.0,-1.5,0.65,0.44,6
339,2,2,0.8,0.75,1.0,-1.5,0.65,0.6,4
340,2,2,0.8,0.75,1.0,-1.5,0.65,0.6,5
341,2,2,0.8,0.75,1.0,-1.5,0.65,0.6,6
342,1,2,0.8,0.75,1.0,-1.5,1.0,0.3,4
343,1,2,0.8,0.75,1.0,-1.5,1.0,0.3,5
344,1,2,0.8,0.75,1.0,-1.5,1.0,0.3,6
345,1,2,0.8,0.75,1.0,-1.5,1.0,0.44,4
346,1,2,0.8,0.75,1.0,-1.5,1.0,0.44,5
347,1,2,0.8,0.75,1.0,-1.5,1.0,0.44,6
348,1,2,0.8,0.75,1.0,-1.5,1.0,0.6,4
349,1,2,0.8,0.75,1.0,-1.5,1.0,0.6,5
350,1,2,0.8,0.75,1.0,-1.5,1.0,0.6,6
351,2,2,0.8,0.75,1.0,-1.0,0.3,0.3,4
352,2,2,0.8,0.75,1.0,-1.0,0.3,0.3,5
353,2,2,0.8,0.75,1.0,-1.0,0.3,0.3,6
354,2,2,0.8,0.75,1.0,-1.0,0.3,0.44,4
355,2,2,0.8,0.75,1.0,-1.0,0.3,0.44,5
356,2,2,0.8,0.75,1.0,-1.0,0.3,0.44,6
357,2,2,0.8,0.75,1.0,-1.0,0.3,0.6,4
358,2,2,0.8,0.75,1.0,-1.0,0.3,0.6,5
359,2,2,0.8,0.75,1.0,-1.0,0.3,0.6,6
360,2,2,0.8,0.75,1.0,-1.0,0.65,0.3,4
361,2,2,0.8,0.75,1.0,-1.0,0.65,0.3,5
362,2,2,0.8,0.75,1.0,-1.0,0.65,0.3,6
363,2,2,0.8,0.75,1.0,-1.0,0.65,0.44,4
364,2,2,0.8,0.75,1.0,-1.0,0.65,0.44,5
365,2,2,0.8,0.75,1.0,-1.0,0.65,0.44,6
366,2,2,0.8,0.75,1.0,-1.0,0.65,0.6,4
367,2,2,0.8,0.75,1.0,-1.0,0.65,0.6,5
368,2,2,0.8,0.75,1.0,-1.0,0.65,0.6,6
369,1,2,0.8,0.75,1.0,-1.0,1.0,0.3,4
370,1,2,0.8,0.75,1.0,-1.0,1.0,0.3,5
371,1,2,0.8,0.75,1.0,-1.0,1.0,0.3,6
372,1,2,0.8,0.75,1.0,-1.0,1.0,0.44,4
373,1,2,0.8,0.75,1.0,-1.0,1.0,0.44,5
374,1,2,0.8,0.75,1.0,-1.0,1.0,0.44,6
375,1,2,0.8,0.75,1.0,-1.0,1.0,0.6,4
376,1,2,0.8,0.75,1.0,-1.0,1.0,0.6,5
377,1,2,0.8,0.75,1.0,-1.0,1.0,0.6,6
378,2,2,0.8,0.75,1.0,-0.5,0.3,0.3,4
379,2,2,0.8,0.75,1.0,-0.5,0.3,0.3,5
380,2,2,0.8,0.75,1.0,-0.5,0.3,0.3,6
381,2,2,0.8,0.75,1.0,-0.5,0.3,0.44,4
382,2,2,0.8,0.75,1.0,-0.5,0.3,0.44,5
383,2,2,0.8,0.75,1.0,-0.5,0.3,0.44,6
384,2,2,0.8,0.75,1.0,-0.5,0.3,0.6,4
385,2,2,0.8,0.75,1.0,-0.5,0.3,0.6,5
386,2,2,0.8,0.75,1.0,-0.5,0.3,0.6,6
387,2,2,0.8,0.75,1.0,-0.5,0.65,0.3,4
388,2,2,0.8,0.75,1.0,-0.5,0.65,0.3,5
389,2,2,0.8,0.75,1.0,-0.5,0.65,0.3,6
390,2,2,0.8,0.75,1.0,-0.5,0.65,0.44,4
391,2,2,0.8,0.75,1.0,-0.5,0.65,0.44,5
392,2,2,0.8,0.75,1.0,-0.5,0.65,0.44,6
393,2,2,0.8,0.75,1.0,-0.5,0.65,0.6,4
394,2,2,0.8,0.75,1.0,-0.5,0.65,0.6,5
395,2,2,0.8,0.75,1.0,-0.5,0.65,0.6,6
396,1,2,0.8,0.75,1.0,-0.5,1.0,0.3,4
397,1,2,0.8,0.75,1.0,-0.5,1.0,0.3,5
398,1,2,0.8,0.75,1.0,-0.5,1.0,0.3,6
399,1,2,0.8,0.75,1.0,-0.5,1.0,0.44,4
400,1,2,0.8,0.75,1.0,-0.5,1.0,0.44,5
401,1,2,0.8,0.75,1.0,-0.5,1.0,0.44,6
402,1,2,0.8,0.75,1.0,-0.5,1.0,0.6,4
403,1,2,0.8,0.75,1.0,-0.5,1.0,0.6,5
404,1,2,0.8,0.75,1.0,-0.5,1.0,0.6,6
405,2,2,0.8,0.75,1.5,-1.5,0.3,0.3,4
406,2,2,0.8,0.75,1.5,-1.5,0.3,0.3,5
407,2,2,0.8,0.75,1.5,-1.5,0.3,0.3,6
408,2,2,0.8,0.75,1.5,-1.5,0.3,0.44,4
409,2,2,0.8,0.75,1.5,-1.5,0.3,0.44,5
410,2,2,0.8,0.75,1.5,-1.5,0.3,0.44,6
411,2,2,0.8,0.75,1.5,-1.5,0.3,0.6,4
412,2,2,0.8,0.75,1.5,-1.5,0.3,0.6,5
413,2,2,0.8,0.75,1.5,-1.5,0.3,0.6,6
414,2,2,0.8,0.75,1.5,-1.5,0.65,0.3,4
415,2,2,0.8,0.75,1.5,-1.5,0.65,0.3,5
416,2,2,0.8,0.75,1.5,-1.5,0.65,0.3,6
417,2,2,0.8,0.75,1.5,-1.5,0.65,0.44,4
418,2,2,0.8,0.75,1.5,-1.5,0.65,0.44,5
419,2,2,0.8,0.75,1.5,-1.5,0.65,0.44,6
420,2,2,0.8,0.75,1.5,-1.5,0.65,0.6,4
421,2,2,0.8,0.75,1.5,-1.5,0.65,0.6,5
422,2,2,0.8,0.75,1.5,-1.5,0.65,0.6,6
423,1,2,0.8,0.75,1.5,-1.5,1.0,0.3,4
424,1,2,0.8,0.75,1.5,-1.5,1.0,0.3,5
425,1,2,0.8,0.75,1.5,-1.5,1.0,0.3,6
426,1,2,0.8,0.75,1.5,-1.5,1.0,0.44,4
427,1,2,0.8,0.75,1.5,-1.5,1.0,0.44,5
428,1,2,0.8,0.75,1.5,-1.5,1.0,0.44,6
429,1,2,0.8,0.75,1.5,-1.5,1.0,0.6,4
430,1,2,0.8,0.75,1.5,-1.5,1.0,0.6,5
431,1,2,0.8,0.75,1.5,-1.5,1.0,0.6,6
432,2,2,0.8,0.75,1.5,-1.0,0.3,0.3,4
433,2,2,0.8,0.75,1.5,-1.0,0.3,0.3,5
434,2,2,0.8,0.75,1.5,-1.0,0.3,0.3,6
435,2,2,0.8,0.75,1.5,-1.0,0.3,0.44,4
436,2,2,0.8,0.75,1.5,-1.0,0.3,0.44,5
437,2,2,0.8,0.75,1.5,-1.0,0.3,0.44,6
438,2,2,0.8,0.75,1.5,-1.0,0.3,0.6,4
439,2,2,0.8,0.75,1.5,-1.0,0.3,0.6,5
440,2,2,0.8,0.75,1.5,-1.0,0.3,0.6,6
441,2,2,0.8,0.75,1.5,-1.0,0.65,0.3,4
442,2,2,0.8,0.75,1.5,-1.0,0.65,0.3,5
443,2,2,0.8,0.75,1.5,-1.0,0.65,0.3,6
444,2,2,0.8,0.75,1.5,-1.0,0.65,0.44,4
445,2,2,0.8,0.75,1.5,-1.0,0.65,0.44,5
446,2,2,0.8,0.75,1.5,-1.0,0.65,0.44,6
447,2,2,0.8,0.75,1.5,-1.0,0.65,0.6,4
448,2,2,0.8,0.75,1.5,-1.0,0.65,0.6,5
449,2,2,0.8,0.75,1.5,-1.0,0.65,0.6,6
450,1,2,0.8,0.75,1.5,-1.0,1.0,0.3,4
451,1,2,0.8,0.75,1.5,-1.0,1.0,0.3,5
452,1,2,0.8,0.75,1.5,-1.0,1.0,0.3,6
453,1,2,0.8,0.75,1.5,-1.0,1.0,0.44,4
454,1,2,0.8,0.75,1.5,-1.0,1.0,0.44,5
455,1,2,0.8,0.75,1.5,-1.0,1.0,0.44,6
456,1,2,0.8,0.75,1.5,-1.0,1.0,0.6,4
457,1,2,0.8,0.75,1.5,-1.0,1.0,0.6,5
458,1,2,0.8,0.75,1.5,-1.0,1.0,0.6,6
459,2,2,0.8,0.75,1.5,-0.5,0.3,0.3,4
460,2,2,0.8,0.75,1.5,-0.5,0.3,0.3,5
461,2,2,0.8,0.75,1.5,-0.5,0.3,0.3,6
462,2,2,0.8,0.75,1.5,-0.5,0.3,0.44,4
463,2,2,0.8,0.75,1.5,-0.5,0.3,0.44,5
464,2,2,0.8,0.75,1.5,-0.5,0.3,0.44,6
465,2,2,0.8,0.75,1.5,-0.5,0.3,0.6,4
466,2,2,0.8,0.75,1.5,-0.5,0.3,0.6,5
467,2,2,0.8,0.75,1.5,-0.5,0.3,0.6,6
468,2,2,0.8,0.75,1.5,-0.5,0.65,0.3,4
469,2,2,0.8,0.75,1.5,-0.5,0.65,0.3,5
470,2,2,0.8,0.75,1.5,-0.5,0.65,0.3,6
471,2,2,0.8,0.75,1.5,-0.5,0.65,0.44,4
472,2,2,0.8,0.75,1.5,-0.5,0.65,0.44,5
473,2,2,0.8,0.75,1.5,-0.5,0.65,0.44,6
474,2,2,0.8,0.75,1.5,-0.5,0.65,0.6,4
475,2,2,0.8,0.75,1.5,-0.5,0.65,0.6,5
476,2,2,0.8,0.75,1.5,-0.5,0.65,0.6,6
477,1,2,0.8,0.75,1.5,-0.5,1.0,0.3,4
478,1,2,0.8,0.75,1.5,-0.5,1.0,0.3,5
479,1,2,0.8,0.75,1.5,-0.5,1.0,0.3,6
480,1,2,0.8,0.75,1.5,-0.5,1.0,0.44,4
481,1,2,0.8,0.75,1.5,-0.5,1.0,0.44,5
482,1,2,0.8,0.75,1.5,-0.5,1.0,0.44,6
483,1,2,0.8,0.75,1.5,-0.5,1.0,0.6,4
484,1,2,0.8,0.75,1.5,-0.5,1.0,0.6,5
485,1,2,0.8,0.75,1.5,-0.5,1.0,0.6,6
486,2,2,0.8,1.0,0.5,-1.5,0.3,0.3,4
487,2,2,0.8,1.0,0.5,-1.5,0.3,0.3,5
488,2,2,0.8,1.0,0.5,-1.5,0.3,0.3,6
489,2,2,0.8,1.0,0.5,-1.5,0.3,0.44,4
490,2,2,0.8,1.0,0.5,-1.5,0.3,0.44,5
491,2,2,0.8,1.0,0.5,-1.5,0.3,0.44,6
492,2,2,0.8,1.0,0.5,-1.5,0.3,0.6,4
493,2,2,0.8,1.0,0.5,-1.5,0.3,0.6,5
494,2,2,0.8,1.0,0.5,-1.5,0.3,0.6,6
495,2,2,0.8,1.0,0.5,-1.5,0.65,0.3,4
496,2,2,0.8,1.0,0.5,-1.5,0.65,0.3,5
497,2,2,0.8,1.0,0.5,-1.5,0.65,0.3,6
498,2,2,0.8,1.0,0.5,-1.5,0.65,0.44,4
499,2,2,0.8,1.0,0.5,-1.5,0.65,0.44,5
500,2,2,0.8,1.0,0.5,-1.5,0.65,0.44,6
501,2,2,0.8,1.0,0.5,-1.5,0.65,0.6,4
502,2,2,0.8,1.0,0.5,-1.5,0.65,0.6,5
503,2,2,0.8,1.0,0.5,-1.5,0.65,0.6,6
504,1,2,0.8,1.0,0.5,-1.5,1.0,0.3,4
505,1,2,0.8,1.0,0.5,-1.5,1.0,0.3,5
506,1,2,0.8,1.0,0.5,-1.5,1.0,0.3,6
507,1,2,0.8,1.0,0.5,-1.5,1.0,0.44,4
508,1,2,0.8,1.0,0.5,-1.5,1.0,0.44,5
509,1,2,0.8,1.0,0.5,-1.5,1.0,0.44,6
510,1,2,0.8,1.0,0.5,-1.5,1.0,0.6,4
511,1,2,0.8,1.0,0.5,-1.5,1.0,0.6,5
512,1,2,0.8,1.0,0.5,-1.5,1.0,0.6,6
513,2,2,0.8,1.0,0.5,-1.0,0.3,0.3,4
514,2,2,0.8,1.0,0.5,-1.0,0.3,0.3,5
515,2,2,0.8,1.0,0.5,-1.0,0.3,0.3,6
516,2,2,0.8,1.0,0.5,-1.0,0.3,0.44,4
517,2,2,0.8,1.0,0.5,-1.0,0.3,0.44,5
518,2,2,0.8,1.0,0.5,-1.0,0.3,0.44,6
519,2,2,0.8,1.0,0.5,-1.0,0.3,0.6,4
520,2,2,0.8,1.0,0.5,-1.0,0.3,0.6,5
521,2,2,0.8,1.0,0.5,-1.0,0.3,0.6,6
522,2,2,0.8,1.0,0.5,-1.0,0.65,0.3,4
523,2,2,0.8,1.0,0.5,-1.0,0.65,0.3,5
524,2,2,0.8,1.0,0.5,-1.0,0.65,0.3,6
525,2,2,0.8,1.0,0.5,-1.0,0.65,0.44,4
526,2,2,0.8,1.0,0.5,-1.0,0.65,0.44,5
527,2,2,0.8,1.0,0.5,-1.0,0.65,0.44,6
528,2,2,0.8,1.0,0.5,-1.0,0.65,0.6,4
529,2,2,0.8,1.0,0.5,-1.0,0.65,0.6,5
530,2,2,0.8,1.0,0.5,-1.0,0.65,0.6,6
531,1,2,0.8,1.0,0.5,-1.0,1.0,0.3,4
532,1,2,0.8,1.0,0.5,-1.0,1.0,0.3,5
533,1,2,0.8,1.0,0.5,-1.0,1.0,0.3,6
534,1,2,0.8,1.0,0.5,-1.0,1.0,0.44,4
535,1,2,0.8,1.0,0.5,-1.0,1.0,0.44,5
536,1,2,0.8,1.0,0.5,-1.0,1.0,0.44,6
537,1,2,0.8,1.0,0.5,-1.0,1.0,0.6,4
538,1,2,0.8,1.0,0.5,-1.0,1.0,0.6,5
539,1,2,0.8,1.0,0.5,-1.0,1.0,0.6,6
540,2,2,0.8,1.0,0.5,-0.5,0.3,0.3,4
541,2,2,0.8,1.0,0.5,-0.5,0.3,0.3,5
542,2,2,0.8,1.0,0.5,-0.5,0.3,0.3,6
543,2,2,0.8,1.0,0.5,-0.5,0.3,0.44,4
544,2,2,0.8,1.0,0.5,-0.5,0.3,0.44,5
545,2,2,0.8,1.0,0.5,-0.5,0.3,0.44,6
546,2,2,0.8,1.0,0.5,-0.5,0.3,0.6,4
547,2,2,0.8,1.0,0.5,-0.5,0.3,0.6,5
548,2,2,0.8,1.0,0.5,-0.5,0.3,0.6,6
549,2,2,0.8,1.0,0.5,-0.5,0.65,0.3,4
550,2,2,0.8,1.0,0.5,-0.5,0.65,0.3,5
551,2,2,0.8,1.0,0.5,-0.5,0.65,0.3,6
552,2,2,0.8,1.0,0.5,-0.5,0.65,0.44,4
553,2,2,0.8,1.0,0.5,-0.5,0.65,0.44,5
554,2,2,0.8,1.0,0.5,-0.5,0.65,0.44,6
555,2,2,0.8,1.0,0.5,-0.5,0.65,0.6,4
556,2,2,0.8,1.0,0.5,-0.5,0.65,0.6,5
557,2,2,0.8,1.0,0.5,-0.5,0.65,0.6,6
558,1,2,0.8,1.0,0.5,-0.5,1.0,0.3,4
559,1,2,0.8,1.0,0.5,-0.5,1.0,0.3,5
560,1,2,0.8,1.0,0.5,-0.5,1.0,0.3,6
561,1,2,0.8,1.0,0.5,-0.5,1.0,0.44,4
562,1,2,0.8,1.0,0.5,-0.5,1.0,0.44,5
563,1,2,0.8,1.0,0.5,-0.5,1.0,0.44,6
564,1,2,0.8,1.0,0.5,-0.5,1.0,0.6,4
565,1,2,0.8,1.0,0.5,-0.5,1.0,0.6,5
566,1,2,0.8,1.0,0.5,-0.5,1.0,0.6,6
567,2,2,0.8,1.0,1.0,-1.5,0.3,0.3,4
568,2,2,0.8,1.0,1.0,-1.5,0.3,0.3,5
569,2,2,0.8,1.0,1.0,-1.5,0.3,0.3,6
570,2,2,0.8,1.0,1.0,-1.5,0.3,0.44,4
571,2,2,0.8,1.0,1.0,-1.5,0.3,0.44,5
572,2,2,0.8,1.0,1.0,-1.5,0.3,0.44,6
573,2,2,0.8,1.0,1.0,-1.5,0.3,0.6,4
574,2,2,0.8,1.0,1.0,-1.5,0.3,0.6,5
575,2,2,0.8,1.0,1.0,-1.5,0.3,0.6,6
576,2,2,0.8,1.0,1.0,-1.5,0.65,0.3,4
577,2,2,0.8,1.0,1.0,-1.5,0.65,0.3,5
578,2,2,0.8,1.0,1.0,-1.5,0.65,0.3,6
579,2,2,0.8,1.0,1.0,-1.5,0.65,0.44,4
580,2,2,0.8,1.0,1.0,-1.5,0.65,0.44,5
581,2,2,0.8,1.0,1.0,-1.5,0.65,0.44,6
582,2,2,0.8,1.0,1.0,-1.5,0.65,0.6,4
583,2,2,0.8,1.0,1.0,-1.5,0.65,0.6,5
584,2,2,0.8,1.0,1.0,-1.5,0.65,0.6,6
585,1,2,0.8,1.0,1.0,-1.5,1.0,0.3,4
586,1,2,0.8,1.0,1.0,-1.5,1.0,0.3,5
587,1,2,0.8,1.0,1.0,-1.5,1.0,0.3,6
588,1,2,0.8,1.0,1.0,-1.5,1.0,0.44,4
589,1,2,0.8,1.0,1.0,-1.5,1.0,0.44,5
590,1,2,0.8,1.0,1.0,-1.5,1.0,0.44,6
591,1,2,0.8,1.0,1.0,-1.5,1.0,0.6,4
592,1,2,0.8,1.0,1.0,-1.5,1.0,0.6,5
593,1,2,0.8,1.0,1.0,-1.5,1.0,0.6,6
594,2,2,0.8,1.0,1.0,-1.0,0.3,0.3,4
595,2,2,0.8,1.0,1.0,-1.0,0.3,0.3,5
596,2,2,0.8,1.0,1.0,-1.0,0.3,0.3,6
597,2,2,0.8,1.0,1.0,-1.0,0.3,0.44,4
598,2,2,0.8,1.0,1.0,-1.0,0.3,0.44,5
599,2,2,0.8,1.0,1.0,-1.0,0.3,0.44,6
600,2,2,0.8,1.0,1.0,-1.0,0.3,0.6,4
601,2,2,0.8,1.0,1.0,-1.0,0.3,0.6,5
602,2,2,0.8,1.0,1.0,-1.0,0.3,0.6,6
603,2,2,0.8,1.0,1.0,-1.0,0.65,0.3,4
604,2,2,0.8,1.0,1.0,-1.0,0.65,0.3,5
605,2,2,0.8,1.0,1.0,-1.0,0.65,0.3,6
606,2,2,0.8,1.0,1.0,-1.0,0.65,0.44,4
607,2,2,0.8,1.0,1.0,-1.0,0.65,0.44,5
608,2,2,0.8,1.0,1.0,-1.0,0.65,0.44,6
609,2,2,0.8,1.0,1.0,-1.0,0.65,0.6,4
610,2,2,0.8,1.0,1.0,-1.0,0.65,0.6,5
611,2,2,0.8,1.0,1.0,-1.0,0.65,0.6,6
612,1,2,0.8,1.0,1.0,-1.0,1.0,0.3,4
613,1,2,0.8,1.0,1.0,-1.0,1.0,0.3,5
614,1,2,0.8,1.0,1.0,-1.0,1.0,0.3,6
615,1,2,0.8,1.0,1.0,-1.0,1.0,0.44,4
616,1,2,0.8,1.0,1.0,-1.0,1.0,0.44,5
617,1,2,0.8,1.0,1.0,-1.0,1.0,0.44,6
618,1,2,0.8,1.0,1.0,-1.0,1.0,0.6,4
619,1,2,0.8,1.0,1.0,-1.0,1.0,0.6,5
620,1,2,0.8,1.0,1.0,-1.0,1.0,0.6,6
621,2,2,0.8,1.0,1.0,-0.5,0.3,0.3,4
622,2,2,0.8,1.0,1.0,-0.5,0.3,0.3,5
623,2,2,0.8,1.0,1.0,-0.5,0.3,0.3,6
624,2,2,0.8,1.0,1.0,-0.5,0.3,0.44,4
625,2,2,0.8,1.0,1.0,-0.5,0.3,0.44,5
626,2,2,0.8,1.0,1.0,-0.5,0.3,0.44,6
627,2,2,0.8,1.0,1.0,-0.5,0.3,0.6,4
628,2,2,0.8,1.0,1.0,-0.5,0.3,0.6,5
629,2,2,0.8,1.0,1.0,-0.5,0.3,0.6,6
630,2,2,0.8,1.0,1.0,-0.5,0.65,0.3,4
631,2,2,0.8,1.0,1.0,-0.5,0.65,0.3,5
632,2,2,0.8,1.0,1.0,-0.5,0.65,0.3,6
633,2,2,0.8,1.0,1.0,-0.5,0.65,0.44,4
634,2,2,0.8,1.0,1.0,-0.5,0.65,0.44,5
635,2,2,0.8,1.0,1.0,-0.5,0.65,0.44,6
636,2,2,0.8,1.0,1.0,-0.5,0.65,0.6,4
637,2,2,0.8,1.0,1.0,-0.5,0.65,0.6,5
638,2,2,0.8,1.0,1.0,-0.5,0.65,0.6,6
639,1,2,0.8,1.0,1.0,-0.5,1.0,0.3,4
640,1,2,0.8,1.0,1.0,-0.5,1.0,0.3,5
641,1,2,0.8,1.0,1.0,-0.5,1.0,0.3,6
642,1,2,0.8,1.0,1.0,-0.5,1.0,0.44,4
643,1,2,0.8,1.0,1.0,-0.5,1.0,0.44,5
644,1,2,0.8,1.0,1.0,-0.5,1.0,0.44,6
645,1,2,0.8,1.0,1.0,-0.5,1.0,0.6,4
646,1,2,0.8,1.0,1.0,-0.5,1.0,0.6,5
647,1,2,0.8,1.0,1.0,-0.5,1.0,0.6,6
648,2,2,0.8,1.0,1.5,-1.5,0.3,0.3,4
649,2,2,0.8,1.0,1.5,-1.5,0.3,0.3,5
650,2,2,0.8,1.0,1.5,-1.5,0.3,0.3,6
651,2,2,0.8,1.0,1.5,-1.5,0.3,0.44,4
652,2,2,0.8,1.0,1.5,-1.5,0.3,0.44,5
653,2,2,0.8,1.0,1.5,-1.5,0.3,0.44,6
654,2,2,0.8,1.0,1.5,-1.5,0.3,0.6,4
655,2,2,0.8,1.0,1.5,-1.5,0.3,0.6,5
656,2,2,0.8,1.0,1.5,-1.5,0.3,0.6,6
657,2,2,0.8,1.0,1.5,-1.5,0.65,0.3,4
658,2,2,0.8,1.0,1.5,-1.5,0.65,0.3,5
659,2,2,0.8,1.0,1.5,-1.5,0.65,0.3,6
660,2,2,0.8,1.0,1.5,-1.5,0.65,0.44,4
661,2,2,0.8,1.0,1.5,-1.5,0.65,0.44,5
662,2,2,0.8,1.0,1.5,-1.5,0.65,0.44,6
663,2,2,0.8,1.0,1.5,-1.5,0.65,0.6,4
664,2,2,0.8,1.0,1.5,-1.5,0.65,0.6,5
665,2,2,0.8,1.0,1.5,-1.5,0.65,0.6,6
666,1,2,0.8,1.0,1.5,-1.5,1.0,0.3,4
667,1,2,0.8,1.0,1.5,-1.5,1.0,0.3,5
668,1,2,0.8,1.0,1.5,-1.5,1.0,0.3,6
669,1,2,0.8,1.0,1.5,-1.5,1.0,0.44,4
670,1,2,0.8,1.0,1.5,-1.5,1.0,0.44,5
671,1,2,0.8,1.0,1.5,-1.5,1.0,0.44,6
672,1,2,0.8,1.0,1.5,-1.5,1.0,0.6,4
673,1,2,0.8,1.0,1.5,-1.5,1.0,0.6,5
674,1,2,0.8,1.0,1.5,-1.5,1.0,0.6,6
675,2,2,0.8,1.0,1.5,-1.0,0.3,0.3,4
676,2,2,0.8,1.0,1.5,-1.0,0.3,0.3,5
677,2,2,0.8,1.0,1.5,-1.0,0.3,0.3,6
678,2,2,0.8,1.0,1.5,-1.0,0.3,0.44,4
679,2,2,0.8,1.0,1.5,-1.0,0.3,0.44,5
680,2,2,0.8,1.0,1.5,-1.0,0.3,0.44,6
681,2,2,0.8,1.0,1.5,-1.0,0.3,0.6,4
682,2,2,0.8,1.0,1.5,-1.0,0.3,0.6,5
683,2,2,0.8,1.0,1.5,-1.0,0.3,0.6,6
684,2,2,0.8,1.0,1.5,-1.0,0.65,0.3,4
685,2,2,0.8,1.0,1.5,-1.0,0.65,0.3,5
686,2,2,0.8,1.0,1.5,-1.0,0.65,0.3,6
687,2,2,0.8,1.0,1.5,-1.0,0.65,0.44,4
688,2,2,0.8,1.0,1.5,-1.0,0.65,0.44,5
689,2,2,0.8,1.0,1.5,-1.0,0.65,0.44,6
690,2,2,0.8,1.0,1.5,-1.0,0.65,0.6,4
691,2,2,0.8,1.0,1.5,-1.0,0.65,0.6,5
692,2,2,0.8,1.0,1.5,-1.0,0.65,0.6,6
693,1,2,0.8,1.0,1.5,-1.0,1.0,0.3,4
694,1,2,0.8,1.0,1.5,-1.0,1.0,0.3,5
695,1,2,0.8,1.0,1.5,-1.0,1.0,0.3,6
696,1,2,0.8,1.0,1.5,-1.0,1.0,0.44,4
697,1,2,0.8,1.0,1.5,-1.0,1.0,0.44,5
698,1,2,0.8,1.0,1.5,-1.0,1.0,0.44,6
699,1,2,0.8,1.0,1.5,-1.0,1.0,0.6,4
700,1,2,0.8,1.0,1.5,-1.0,1.0,0.6,5
701,1,2,0.8,1.0,1.5,-1.0,1.0,0.6,6
702,2,2,0.8,1.0,1.5,-0.5,0.3,0.3,4
703,2,2,0.8,1.0,1.5,-0.5,0.3,0.3,5
704,2,2,0.8,1.0,1.5,-0.5,0.3,0.3,6
705,2,2,0.8,1.0,1.5,-0.5,0.3,0.44,4
706,2,2,0.8,1.0,1.5,-0.5,0.3,0.44,5
707,2,2,0.8,1.0,1.5,-0.5,0.3,0.44,6
708,2,2,0.8,1.0,1.5,-0.5,0.3,0.6,4
709,2,2,0.8,1.0,1.5,-0.5,0.3,0.6,5
710,2,2,0.8,1.0,1.5,-0.5,0.3,0.6,6
711,2,2,0.8,1.0,1.5,-0.5,0.65,0.3,4
712,2,2,0.8,1.0,1.5,-0.5,0.65,0.3,5
713,2,2,0.8,1.0,1.5,-0.5,0.65,0.3,6
714,2,2,0.8,1.0,1.5,-0.5,0.65,0.44,4
715,2,2,0.8,1.0,1.5,-0.5,0.65,0.44,5
716,2,2,0.8,1.0,1.5,-0.5,0.65,0.44,6
717,2,2,0.8,1.0,1.5,-0.5,0.65,0.6,4
718,2,2,0.8,1.0,1.5,-0.5,0.65,0.6,5
719,2,2,0.8,1.0,1.5,-0.5,0.65,0.6,6
720,1,2,0.8,1.0,1.5,-0.5,1.0,0.3,4
721,1,2,0.8,1.0,1.5,-0.5,1.0,0.3,5
722,1,2,0.8,1.0,1.5,-0.5,1.0,0.3,6
723,1,2,0.8,1.0,1.5,-0.5,1.0,0.44,4
724,1,2,0.8,1.0,1.5,-0.5,1.0,0.44,5
725,1,2,0.8,1.0,1.5,-0.5,1.0,0.44,6
726,1,2,0.8,1.0,1.5,-0.5,1.0,0.6,4
727,1,2,0.8,1.0,1.5,-0.5,1.0,0.6,5
728,1,2,0.8,1.0,1.5,-0.5,1.0,0.6,6
