NUMBER,X_IMAGE,Y_IMAGE,ALPHA_J2000,DELTA_J2000,CLASS_STAR,FILTER,SEX_FLUX,SEX_FLUXERR,SEX_SNR,NMAD_FLUX,NMAD_FLUXERR,NMAD_SNR,SNR_DIFF,SNR_RATIO,pointing
2858,3125.9597,1226.3113,215.0152899,52.9850532,0.0,F606W,-0.05884608,0.03093015,-1.9025475143185533,-0.0005685228146394358,0.0022212570428632073,-0.25594643198366995,-1.6466010823348833,,nircam1
2858,3125.9597,1226.3113,215.0152899,52.9850532,0.0,F814W,0.08369953,0.02492873,3.3575529118410765,0.008041057741750644,0.0026923625874482734,2.9866176937823505,0.370935218058726,1.1241990961317052,nircam1
2858,3125.9597,1226.3113,215.0152899,52.9850532,0.0,F115W,0.7253562,0.0587665,12.343021959790017,0.01059318548057993,0.0017386849476952468,6.092642312583408,6.250379647206609,2.0258898071691194,nircam1
2858,3125.9597,1226.3113,215.0152899,52.9850532,0.0,F150W,1.737546,0.06964213,24.949638961358595,0.027663966684990462,0.002021773907603267,13.68301696888798,11.266621992470615,1.8234018870318083,nircam1
2858,3125.9597,1226.3113,215.0152899,52.9850532,0.0,F200W,1.331934,0.05527732,24.095487986754783,0.02302912856239317,0.0017372922751591508,13.255759489452347,10.839728497302437,1.817737264011741,nircam1
2858,3125.9597,1226.3113,215.0152899,52.9850532,0.0,F277W,1.298759,0.04591829,28.2841325319388,0.02342626784169059,0.0012704855184644522,18.43883106200557,9.84530146993323,1.5339439054908488,nircam1
2858,3125.9597,1226.3113,215.0152899,52.9850532,0.0,F356W,1.134135,0.04832926,23.46683975711608,0.02556302423622833,0.0013094862183110198,19.521415253380532,3.9454245037355484,1.2021075036069588,nircam1
2858,3125.9597,1226.3113,215.0152899,52.9850532,0.0,F410M,0.4837749,0.1067373,4.532388396558654,0.016476347534878664,0.002368064339963577,6.9577279877167895,-2.425339591158135,0.6514178772955995,nircam1
2858,3125.9597,1226.3113,215.0152899,52.9850532,0.0,F444W,1.970893,0.08545209,23.064304220060624,0.032472979724397756,0.002280092999080751,14.241954050773218,8.822350169287406,1.6194620582144363,nircam1
4010,2997.0005,1676.2458,215.0117085,52.9883035,0.013,F606W,-0.07219249,0.02474224,-2.917783110987526,-0.00262788468467419,0.002346320077336458,-1.1200026416077744,-1.7977804693797514,,nircam1
4010,2997.0005,1676.2458,215.0117085,52.9883035,0.013,F814W,-0.03043986,0.01994146,-1.5264609512041745,-0.0017325490426969973,0.003123665040288122,-0.554652634117642,-0.9718083170865325,,nircam1
4010,2997.0005,1676.2458,215.0117085,52.9883035,0.013,F115W,0.5341111,0.04700963,11.361738009850322,0.01719192151914247,0.0019552397523640397,8.792743446606012,2.56899456324431,1.2921721279421543,nircam1
4010,2997.0005,1676.2458,215.0117085,52.9883035,0.013,F150W,3.235657,0.05570947,58.080915147819574,0.07049311604967871,0.0023996567247532357,29.376333424076623,28.70458172374295,1.977132895020074,nircam1
4010,2997.0005,1676.2458,215.0117085,52.9883035,0.013,F200W,3.225579,0.04421849,72.94638509817952,0.06761552907757833,0.0018259115264908196,37.031109172922065,35.915275925257454,1.9698676795649284,nircam1
4010,2997.0005,1676.2458,215.0117085,52.9883035,0.013,F277W,1.984212,0.03673184,54.01885666495335,0.05271670435839914,0.0015085392931345899,34.94552949221444,19.073327172738907,1.5458016361431375,nircam1
4010,2997.0005,1676.2458,215.0117085,52.9883035,0.013,F356W,2.184614,0.03866047,56.50769377609738,0.050761567736757204,0.0013488573248899573,37.63301484899334,18.874678927104043,1.5015457571720148,nircam1
4010,2997.0005,1676.2458,215.0117085,52.9883035,0.013,F410M,1.653698,0.08538336,19.367918994989186,0.046260450456770214,0.003067776291759287,15.07947322659603,4.2884457683931565,1.2843896271409216,nircam1
4010,2997.0005,1676.2458,215.0117085,52.9883035,0.013,F444W,2.740378,0.06835648,40.08951309371109,0.06604533870779053,0.0023506990407376536,28.09604188508342,11.993471208627671,1.426874050717983,nircam1
6802,3709.8647,2711.4863,214.9944002,52.9893786,0.009,F606W,-0.04545043,0.02771521,-1.6399092772524544,0.0005864447064977016,0.0023192949590982235,0.25285473251134905,-1.8927640097638034,-6.485578739084305,nircam1
6802,3709.8647,2711.4863,214.9944002,52.9893786,0.009,F814W,0.03800333,0.02233758,1.7013181374168556,0.0019081436604508706,0.003186146480524497,0.5988876130192093,1.1024305243976462,2.840797005033874,nircam1
6802,3709.8647,2711.4863,214.9944002,52.9893786,0.009,F115W,0.7103781,0.05265819,13.490363037544586,0.014695985011876831,0.002253183007972093,6.5223219595923965,6.96804107795219,2.068337491022545,nircam1
6802,3709.8647,2711.4863,214.9944002,52.9893786,0.009,F150W,1.9377,0.06240338,31.051202675239704,0.044388128620343005,0.0016461780459468046,26.964354633227433,4.086848042012271,1.1515648380093682,nircam1
6802,3709.8647,2711.4863,214.9944002,52.9893786,0.009,F200W,2.135673,0.04953168,43.11731400994273,0.041491636348665685,0.0020483477336658952,20.256148732329137,22.861165277613594,2.1286037429774005,nircam1
6802,3709.8647,2711.4863,214.9944002,52.9893786,0.009,F277W,1.530199,0.04114544,37.19000209986818,0.036013295593238515,0.0014739007786545603,24.43400269189965,12.755999407968531,1.5220593436456236,nircam1
6802,3709.8647,2711.4863,214.9944002,52.9893786,0.009,F356W,1.556535,0.04330582,35.94285941243001,0.04057010178817186,0.0014278573512613133,28.41327374358077,7.52958566884924,1.265002397710343,nircam1
6802,3709.8647,2711.4863,214.9944002,52.9893786,0.009,F410M,1.669368,0.09564281,17.454192322454766,0.043472502370669186,0.0025306514074224665,17.178384286023434,0.2758080364313322,1.0160555283802641,nircam1
6802,3709.8647,2711.4863,214.9944002,52.9893786,0.009,F444W,2.197563,0.07657003,28.700040995151763,0.04362933370154772,0.0026187526350562084,16.660349327194574,12.03969166795719,1.7226554156523528,nircam1
8216,4045.8096,3306.4631,214.9851144,52.9904631,0.0,F606W,-0.1251433,0.04411276,-2.8368957190617863,-0.0016510497175384808,0.002430538468629178,-0.6792938021135999,-2.1576019169481864,,nircam1
8216,4045.8096,3306.4631,214.9851144,52.9904631,0.0,F814W,0.07057152,0.0355535,1.9849387542717312,-0.0027528023380796,0.003027266130351024,-0.9093360872637917,2.894274841535523,,nircam1
8216,4045.8096,3306.4631,214.9851144,52.9904631,0.0,F115W,0.04310726,0.08381313,0.5143258580129391,0.00920654948078619,0.0031540674286904486,2.9189450412633375,-2.4046191832503983,0.17620265223984335,nircam1
8216,4045.8096,3306.4631,214.9851144,52.9904631,0.0,F150W,2.636808,0.09932403,26.547533361262122,0.03207915264317168,0.002406510440599092,13.330153113811422,13.2173802474507,1.9915400171777564,nircam1
8216,4045.8096,3306.4631,214.9851144,52.9904631,0.0,F200W,2.560835,0.07883684,32.482720007549766,0.03139144914742034,0.0024013616240826257,13.072353964768878,19.410366042780886,2.4848409165704584,nircam1
8216,4045.8096,3306.4631,214.9851144,52.9904631,0.0,F277W,3.494126,0.06548893,53.35445242424941,0.038506573884090574,0.001829426619705647,21.04843860328557,32.30601382096384,2.5348413452350336,nircam1
8216,4045.8096,3306.4631,214.9851144,52.9904631,0.0,F356W,2.926843,0.06892748,42.462643346311225,0.03999811528322652,0.0017258609051743565,23.175746761113217,19.286896585198008,1.8322017315774115,nircam1
8216,4045.8096,3306.4631,214.9851144,52.9904631,0.0,F410M,2.598874,0.1522294,17.072089885396647,0.0463728299448935,0.0032067535420330375,14.460989700971458,2.6111001844251884,1.1805616516170936,nircam1
8216,4045.8096,3306.4631,214.9851144,52.9904631,0.0,F444W,4.126791,0.1218723,33.86159939543276,0.054366786740989805,0.0021368275991380296,25.44275764826358,8.418841747169182,1.3308934457324342,nircam1
11572,8591.9551,3900.0911,214.9380732,52.9648235,0.01,F606W,-0.04067698,0.02886707,-1.409113567812736,0.006926819070396677,0.002578079840485517,2.6868132482243774,-4.095926816037114,-0.5244553445402172,nircam1
11572,8591.9551,3900.0911,214.9380732,52.9648235,0.01,F814W,0.1126758,0.02326594,4.842950682413864,0.011238327443639243,0.003752858342928319,2.994604756349552,1.848345926064312,1.6172253357125703,nircam1
11572,8591.9551,3900.0911,214.9380732,52.9648235,0.01,F115W,0.4655215,0.05484669,8.487686312519498,0.015795293221820227,0.0019424649182941383,8.131571938859809,0.3561143736596897,1.0437940383897806,nircam1
11572,8591.9551,3900.0911,214.9380732,52.9648235,0.01,F150W,1.772922,0.06499691,27.277019784478984,0.042060213207369385,0.0018565140713248062,22.65547773486859,4.621542049610394,1.2039922575765185,nircam1
11572,8591.9551,3900.0911,214.9380732,52.9648235,0.01,F200W,1.512929,0.05159024,29.325876367312887,0.026499804580214975,0.0020708996868969458,12.796276298598757,16.52960006871413,2.2917507939809165,nircam1
11572,8591.9551,3900.0911,214.9380732,52.9648235,0.01,F277W,0.967047,0.04285547,22.5653107992982,0.017999109154329958,0.002007377827180374,8.966478014560952,13.598832784737247,2.5166303606224947,nircam1
11572,8591.9551,3900.0911,214.9380732,52.9648235,0.01,F356W,0.6523806,0.04510563,14.463396254525211,0.018164349109137144,0.0014127341382119503,12.857584890053797,1.605811364471414,1.1248921456247678,nircam1
11572,8591.9551,3900.0911,214.9380732,52.9648235,0.01,F410M,1.431882,0.09961778,14.37375938311414,0.018996201992711115,0.0029059165677281927,6.5370775622653525,7.836681820848787,2.1988050847193974,nircam1
11572,8591.9551,3900.0911,214.9380732,52.9648235,0.01,F444W,0.9137859,0.07975232,11.45779708978999,0.017428414647785793,0.002125393960967358,8.200086651160603,3.2577104386293865,1.3972775626911582,nircam1
10899,10095.9971,4363.436,214.9197092,52.9577779,0.0,F606W,0.1579873,0.03093015,5.107873708986216,0.01120250247743016,0.003150086015019633,3.556252884529675,1.551620824456541,1.4363077865486913,nircam1
10899,10095.9971,4363.436,214.9197092,52.9577779,0.0,F814W,0.1734981,0.02492873,6.959764897770564,0.0009512908328771288,0.004063974503869166,0.2340789372500833,6.725685960520481,29.73255509245135,nircam1
10899,10095.9971,4363.436,214.9197092,52.9577779,0.0,F115W,0.1332715,0.0587665,2.267814145814367,0.005643997405076012,0.0015590409007292172,3.620172762905784,-1.3523586170914172,0.6264380995988912,nircam1
10899,10095.9971,4363.436,214.9197092,52.9577779,0.0,F150W,1.15518,0.06964213,16.58737318918879,0.021507010213912693,0.0019744287082742143,10.892776287025978,5.694596902162811,1.5227865469839361,nircam1
10899,10095.9971,4363.436,214.9197092,52.9577779,0.0,F200W,1.134646,0.05527732,20.526429284198294,0.015647526962025315,0.0012593183011374049,12.425394713864327,8.101034570333967,1.6519740223056887,nircam1
10899,10095.9971,4363.436,214.9197092,52.9577779,0.0,F277W,1.026378,0.04591829,22.352269651156433,0.018449024937173382,0.001552032598000029,11.887008662670524,10.465260988485909,1.8803948314894887,nircam1
10899,10095.9971,4363.436,214.9197092,52.9577779,0.0,F356W,0.9696012,0.04832926,20.062405259257023,0.017496334505947966,0.0013991408137792847,12.50505619851643,7.557349060740593,1.6043434704145656,nircam1
10899,10095.9971,4363.436,214.9197092,52.9577779,0.0,F410M,0.3426307,0.1067373,3.2100371660141302,0.010331671661348464,0.0022172389820844522,4.659701432650953,-1.4496642666368231,0.6888933148207966,nircam1
10899,10095.9971,4363.436,214.9197092,52.9577779,0.0,F444W,1.328545,0.08545209,15.547249926830347,0.023047949566291526,0.0020000955318151517,11.523424356323002,4.023825570507345,1.349186617283554,nircam1
8272,6489.3628,3286.3438,214.9633971,52.9748518,0.07,F606W,-0.02822308,0.01935861,-1.4579083932162487,-0.001522297582127087,0.0026330154816966047,-0.5781574748456025,-0.8797509183706461,,nircam1
8272,6489.3628,3286.3438,214.9633971,52.9748518,0.07,F814W,-0.007807442,0.01560242,-0.5003994252173701,-0.0013368592847477312,0.004139363197397185,-0.32296254785961837,-0.17743687735775177,,nircam1
8272,6489.3628,3286.3438,214.9633971,52.9748518,0.07,F115W,0.2947088,0.03678086,8.012558705805139,0.008120001144553983,0.0023776782249078326,3.415096735753108,4.597461970052031,2.3462172013813203,nircam1
8272,6489.3628,3286.3438,214.9633971,52.9748518,0.07,F150W,0.04769746,0.04358771,1.0942868987611416,0.0030333505660376154,0.002159356126296515,1.4047477065490246,-0.310460807787883,0.7789917674608083,nircam1
8272,6489.3628,3286.3438,214.9633971,52.9748518,0.07,F200W,0.230454,0.03459704,6.66109008169485,0.005714626619839591,0.0019854196374790673,2.8782966139569277,3.782793467737922,2.314247270206645,nircam1
8272,6489.3628,3286.3438,214.9633971,52.9748518,0.07,F277W,0.3054136,0.0287394,10.626999867777338,0.005377331565615826,0.002068531132400655,2.5995893807868913,8.027410486990446,4.087953253817556,nircam1
8272,6489.3628,3286.3438,214.9633971,52.9748518,0.07,F356W,0.1080192,0.03024839,3.5710727083325757,0.0036201454545342275,0.002027699428168144,1.7853461929536196,1.785726515378956,2.000213024469337,nircam1
8272,6489.3628,3286.3438,214.9633971,52.9748518,0.07,F410M,1.014275,0.06680489,15.18264606078986,0.028146794978378627,0.0028207411014115886,9.978510599321957,5.204135461467903,1.521534292083783,nircam1
8272,6489.3628,3286.3438,214.9633971,52.9748518,0.07,F444W,0.3992604,0.05348288,7.465200078978545,0.01213445644921278,0.002569706940876261,4.722116851610703,2.7430832273678423,1.5809011749533863,nircam1
1332,8442.8867,2161.2656,214.8855516,52.8840171,0.0,F606W,-0.0219922,0.03022098,-0.727712999379901,0.0019048205501252437,0.0026059618867839735,0.7309472021772311,-1.458660201557132,-0.9955753263878752,nircam2
1332,8442.8867,2161.2656,214.8855516,52.8840171,0.0,F814W,0.06846707,0.02252961,3.0389815891176104,0.002152339520672114,0.00251435312705663,0.856021175987997,2.1829604131296136,3.550124312766093,nircam2
1332,8442.8867,2161.2656,214.8855516,52.8840171,0.0,F115W,0.8303485,0.0544427,15.251787659318882,0.005982354324317253,0.0016039205642914222,3.729832048733741,11.521955610585142,4.089135237201039,nircam2
1332,8442.8867,2161.2656,214.8855516,52.8840171,0.0,F150W,1.595361,0.06451634,24.72801463939213,0.01829146298860583,0.002370840906239503,7.7151794287279865,17.012835210664143,3.2051120609477612,nircam2
1332,8442.8867,2161.2656,214.8855516,52.8840171,0.0,F200W,1.21031,0.05151109,23.496105401768823,0.016986520988596463,0.001874391497256798,9.06241893086717,14.433686470901653,2.5926968926298044,nircam2
1332,8442.8867,2161.2656,214.8855516,52.8840171,0.0,F277W,1.018742,0.04185295,24.340984327269645,0.018352914756592675,0.0017075712722089027,10.747964114465026,13.59302021280462,2.2647065126046155,nircam2
1332,8442.8867,2161.2656,214.8855516,52.8840171,0.0,F356W,0.9004788,0.04510963,19.96200811223679,0.01710376007924481,0.0015245402206126432,11.218962837445895,8.743045274790896,1.7793095851613798,nircam2
1332,8442.8867,2161.2656,214.8855516,52.8840171,0.0,F410M,1.007684,0.09997367,10.079493930751967,0.017393322447293767,0.003084268888395691,5.639366435505905,4.440127495246062,1.7873450938195223,nircam2
1332,8442.8867,2161.2656,214.8855516,52.8840171,0.0,F444W,1.355892,0.07982985,16.984774492248203,0.024978419290593648,0.0021198579129586407,11.78306297695764,5.2017115152905635,1.4414566505723314,nircam2
2034,9175.8096,2432.2783,214.8761469,52.8808241,0.009,F606W,0.01187735,0.02203867,0.5389322495413743,0.0011961302106318855,0.00287132732708678,0.4165774481189044,0.1223548014224699,1.2937144148704516,nircam2
2034,9175.8096,2432.2783,214.8761469,52.8808241,0.009,F814W,0.0008556261,0.01642973,0.0520779160704406,0.000708480906461426,0.0029498113547912117,0.24017837795311237,-0.18810046188267177,0.21683015979318193,nircam2
2034,9175.8096,2432.2783,214.8761469,52.8808241,0.009,F115W,0.6275051,0.03970238,15.80522628618234,0.012714333089622687,0.0018174477825791192,6.995707503397938,8.809518782784401,2.2592748879945974,nircam2
2034,9175.8096,2432.2783,214.8761469,52.8808241,0.009,F150W,1.576211,0.04704859,33.5017691284691,0.032875579304156625,0.0022902050788432657,14.354862631237106,19.146906497231996,2.333827218629532,nircam2
2034,9175.8096,2432.2783,214.8761469,52.8808241,0.009,F200W,1.474133,0.0375645,39.2427158620506,0.035149402403620134,0.001633436980774671,21.51867676397913,17.724039098071472,1.8236584104344356,nircam2
2034,9175.8096,2432.2783,214.8761469,52.8808241,0.009,F277W,1.752091,0.03052129,57.405535611371604,0.04662878517610302,0.0016789095257665322,27.773256664806834,29.63227894656477,2.0669356966017465,nircam2
2034,9175.8096,2432.2783,214.8761469,52.8808241,0.009,F356W,2.335607,0.03289623,70.9992300029517,0.06442478364478176,0.001799728649232574,35.79694287372336,35.202287129228345,1.9833880857761315,nircam2
2034,9175.8096,2432.2783,214.8761469,52.8808241,0.009,F410M,4.566341,0.07290588,62.6333705868443,0.13279166482854474,0.0031891747685189858,41.638252672559425,20.995117914284876,1.5042266801969129,nircam2
2034,9175.8096,2432.2783,214.8761469,52.8808241,0.009,F444W,6.92853,0.05821598,119.01422942635338,0.20899397424234,0.001851698890250134,112.86606874517723,6.148160681176151,1.054473064841632,nircam2
5726,1711.5001,3781.1777,214.9287387,52.9355002,0.0,F606W,0.01749432,0.01975909,0.8853808550899864,0.0007502735758733855,0.002040261288715722,0.3677340642705907,0.5176467908193958,2.4076661400573824,nircam2
5726,1711.5001,3781.1777,214.9287387,52.9355002,0.0,F814W,0.01870192,0.01473031,1.2696216169245589,0.006055921419485673,0.0029013468158373143,2.087279392600972,-0.817657775676413,0.6082662538734096,nircam2
5726,1711.5001,3781.1777,214.9287387,52.9355002,0.0,F115W,0.1808062,0.03559574,5.079433662567487,0.006570484994046009,0.0017518929255501744,3.7505060373381993,1.3289276252292876,1.354332885215791,nircam2
5726,1711.5001,3781.1777,214.9287387,52.9355002,0.0,F150W,0.9360951,0.04218209,22.19176669529651,0.01929027689975483,0.0023858507371173738,8.08528236894722,14.10648432634929,2.7447114006218793,nircam2
5726,1711.5001,3781.1777,214.9287387,52.9355002,0.0,F200W,0.9046496,0.03367899,26.86094802724191,0.01823808450096101,0.0018778795363582116,9.712063073188544,17.148884954053365,2.7657303937198647,nircam2
5726,1711.5001,3781.1777,214.9287387,52.9355002,0.0,F277W,0.5632333,0.02736431,20.582770038784098,0.012979091212568046,0.0016839202659564125,7.7076637623316095,12.875106276452488,2.6704291564163536,nircam2
5726,1711.5001,3781.1777,214.9287387,52.9355002,0.0,F356W,0.493903,0.02949359,16.746113308010315,0.013128577831818346,0.0014223876405796167,9.22995775361807,7.516155554392245,1.814321772106267,nircam2
5726,1711.5001,3781.1777,214.9287387,52.9355002,0.0,F410M,0.4385475,0.06536482,6.709228297423598,0.016806012267546765,0.002544473822197442,6.604906728037338,0.10432156938626047,1.015794556029599,nircam2
5726,1711.5001,3781.1777,214.9287387,52.9355002,0.0,F444W,0.450363,0.05219437,8.628574307918651,0.011012571967454888,0.001996980630221527,5.514611309090791,3.1139629988278603,1.5646749742261106,nircam2
11316,2599.3152,5542.1743,214.9022366,52.9393694,0.0,F606W,0.0003334784,0.0204526,0.016304939225330762,0.0012629156012773169,0.002615941772173186,0.48277664843745866,-0.4664717092121279,0.03377325576558616,nircam2
11316,2599.3152,5542.1743,214.9022366,52.9393694,0.0,F814W,0.01269946,0.01524732,0.832897846965893,-0.0004828015426439985,0.0029542012847429996,-0.1634287904271898,0.9963266373930828,,nircam2
11316,2599.3152,5542.1743,214.9022366,52.9393694,0.0,F115W,0.2618287,0.03684509,7.106203296015834,0.0058204485262665865,0.0017795767539423996,3.2706926033801067,3.835510692635727,2.1726906676194235,nircam2
11316,2599.3152,5542.1743,214.9022366,52.9393694,0.0,F150W,0.4264795,0.04366262,9.767611288557582,0.013280515602098811,0.002072844798212775,6.406903022141064,3.360708266416518,1.5245448939686672,nircam2
11316,2599.3152,5542.1743,214.9022366,52.9393694,0.0,F200W,0.8853071,0.03486107,25.39529337452924,0.018219769253153186,0.0020816220535622835,8.752678816970478,16.64261455755876,2.9014309682300428,nircam2
11316,2599.3152,5542.1743,214.9022366,52.9393694,0.0,F277W,0.5999543,0.02832475,21.18127432722266,0.016454014860326268,0.0014919141432550044,11.028794743126097,10.152479584096563,1.9205429804942453,nircam2
11316,2599.3152,5542.1743,214.9022366,52.9393694,0.0,F356W,1.25215,0.03052877,41.01540939906849,0.03555685243870832,0.001691534822992144,21.020467303068614,19.994942095999875,1.951213015758264,nircam2
11316,2599.3152,5542.1743,214.9022366,52.9393694,0.0,F410M,1.44302,0.06765901,21.327832021189785,0.048653959189516066,0.0027805231554876774,17.498131275580988,3.829700745608797,1.2188634137722596,nircam2
11316,2599.3152,5542.1743,214.9022366,52.9393694,0.0,F444W,2.855741,0.05402631,52.85833883528229,0.09068546731164313,0.0022228236617027387,40.79741856003809,12.0609202752442,1.2956294957117243,nircam2
9992,578.233,3744.6199,214.8306859,52.8877727,0.0,F606W,-0.08292807,0.02862197,-2.8973571700340686,-0.004353280381290835,0.0019325648351942277,-2.252592152155826,-0.6447650178782425,,nircam3
9992,578.233,3744.6199,214.8306859,52.8877727,0.0,F814W,0.08525252,0.02064901,4.1286492669624355,0.006285061946074805,0.002499756444548713,2.514269724068843,1.6143795428935923,1.6420868562506656,nircam3
9992,578.233,3744.6199,214.8306859,52.8877727,0.0,F115W,0.1638324,0.04571453,3.583814598990736,0.003118058091590191,0.001710759381443877,1.822616392118544,1.7611982068721919,1.9663021876068163,nircam3
9992,578.233,3744.6199,214.8306859,52.8877727,0.0,F150W,0.8827484,0.05471916,16.132345598872497,0.011942484834617113,0.0017807826668528569,6.706312374279135,9.426033224593361,2.4055464014389236,nircam3
9992,578.233,3744.6199,214.8306859,52.8877727,0.0,F200W,0.6059307,0.04691294,12.916067507173928,0.01136985362572985,0.0017901462924006847,6.351354452982863,6.564713054191064,2.033592614423841,nircam3
9992,578.233,3744.6199,214.8306859,52.8877727,0.0,F277W,0.8128633,0.03904357,20.819389722814794,0.015169012735632823,0.0016110470501778209,9.415623667824306,11.403766054990488,2.2111535525745567,nircam3
9992,578.233,3744.6199,214.8306859,52.8877727,0.0,F356W,1.548968,0.04135576,37.454710057317286,0.03611686682962863,0.0018690421075914197,19.323730954446706,18.13097910287058,1.9382752816012658,nircam3
9992,578.233,3744.6199,214.8306859,52.8877727,0.0,F410M,2.823901,0.09027638,31.28061847406819,0.07352955376941875,0.0026512808789302665,27.733596373646503,3.547022100421689,1.1278962184577044,nircam3
9992,578.233,3744.6199,214.8306859,52.8877727,0.0,F444W,3.536865,0.07310636,48.37971689467237,0.09403429334520316,0.0023051768489005496,40.79265909253456,7.587057802137814,1.185990763311782,nircam3
315,3596.1318,286.2253,214.7955491,52.7672869,0.0,F606W,0.03223004,0.02788549,1.1557996649870597,0.0010316174753307863,0.0034951674534267835,0.29515537927069924,0.8606442857163604,3.9159024234724447,nircam4
315,3596.1318,286.2253,214.7955491,52.7672869,0.0,F814W,0.06926516,0.01959637,3.534591355439809,0.00638806324452261,0.004544867993660527,1.4055552886097218,2.1290360668300874,2.5147295051879337,nircam4
315,3596.1318,286.2253,214.7955491,52.7672869,0.0,F115W,0.387162,0.03390141,11.420232963761684,0.009869419560301467,0.0014791077622684512,6.672549365277561,4.747683598484123,1.7115246869794618,nircam4
315,3596.1318,286.2253,214.7955491,52.7672869,0.0,F150W,1.295898,0.04078567,31.773365498225232,0.025973205310946462,0.0022840948048175216,11.371334174117823,20.40203132410741,2.794163377112271,nircam4
315,3596.1318,286.2253,214.7955491,52.7672869,0.0,F200W,0.9164376,0.0344472,26.604124573259945,0.01861715651754787,0.0015153750958727468,12.285510411417794,14.31861416184215,2.1654879351642444,nircam4
315,3596.1318,286.2253,214.7955491,52.7672869,0.0,F277W,0.7138224,0.02884504,24.746798756389314,0.01704437992576454,0.0016153702744137678,10.551376483605344,14.19542227278397,2.3453621235902937,nircam4
315,3596.1318,286.2253,214.7955491,52.7672869,0.0,F356W,0.6119959,0.0309191,19.79345776558826,0.016935981470545446,0.0014296877508370826,11.845930316343148,7.947527449245113,1.670907833914941,nircam4
315,3596.1318,286.2253,214.7955491,52.7672869,0.0,F410M,0.6406401,0.06962787,9.200914806097042,0.019942572276817266,0.0030603958321627042,6.516337549291575,2.6845772568054675,1.4119763957128528,nircam4
315,3596.1318,286.2253,214.7955491,52.7672869,0.0,F444W,0.492253,0.05760682,8.545047270444714,0.016338217376865676,0.0024424751191430443,6.689205244636444,1.8558420258082702,1.2774383440090027,nircam4
1669,8624.748,880.4338,214.744565,52.7385064,0.009,F606W,0.1267079,0.03298053,3.8419000543654094,0.006124936235288167,0.003715983225836754,1.6482679988171829,2.1936320555482265,2.3308709852538563,nircam4
1669,8624.748,880.4338,214.744565,52.7385064,0.009,F814W,0.1058024,0.02317687,4.564999501658335,0.004729533347919451,0.006698820772363401,0.7060247629600085,3.8589747386983264,6.465778172594933,nircam4
1669,8624.748,880.4338,214.744565,52.7385064,0.009,F115W,0.3526058,0.04009563,8.794120456518579,0.01000334313316579,0.0017500157443551417,5.716144649231081,3.0779758072874976,1.5384705944594208,nircam4
1669,8624.748,880.4338,214.744565,52.7385064,0.009,F150W,1.259617,0.04823774,26.11268687131694,0.023715782355042056,0.0020697039726581537,11.458538355407175,14.654148515909764,2.2788846239707885,nircam4
1669,8624.748,880.4338,214.744565,52.7385064,0.009,F200W,0.7861818,0.04074115,19.296995789269573,0.017950193594915936,0.0015103911812055714,11.8844666324047,7.412529156864872,1.6237157616020856,nircam4
1669,8624.748,880.4338,214.744565,52.7385064,0.009,F277W,0.4819096,0.0341154,14.125866910544799,0.010238795435587722,0.0015448025628293316,6.627899048040934,7.497967862503865,2.131273697465278,nircam4
1669,8624.748,880.4338,214.744565,52.7385064,0.009,F356W,0.5557275,0.03656841,15.196928168328894,0.012861674553349994,0.0014114492438817325,9.112388992450155,6.084539175878739,1.667721623925398,nircam4
1669,8624.748,880.4338,214.744565,52.7385064,0.009,F410M,0.4005262,0.08234976,4.863720307138721,0.010528199798219085,0.002578140092690445,4.083641470092601,0.78007883704612,1.1910253000316482,nircam4
1669,8624.748,880.4338,214.744565,52.7385064,0.009,F444W,0.8376691,0.06813232,12.294739119407648,0.015308623107026131,0.002073892478682032,7.381589578238324,4.913149541169324,1.6655950576897134,nircam4
1843,617.067,934.1207,214.8152765,52.7897159,0.0,F606W,0.03271673,0.01850715,1.767788665461727,0.004105946750546417,0.0028142835001949587,1.4589669982650926,0.3088216671966344,1.2116714549156113,nircam4
1843,617.067,934.1207,214.8152765,52.7897159,0.0,F814W,0.004699924,0.01300579,0.3613716660041413,-0.0010659837522066114,0.0030471728303775214,-0.34982713864462495,0.7111988046487663,,nircam4
1843,617.067,934.1207,214.8152765,52.7897159,0.0,F115W,0.262045,0.02249982,11.646537616745377,0.006727103999999973,0.0015099370898121766,4.455221376697732,7.1913162400476445,2.6141321905260613,nircam4
1843,617.067,934.1207,214.8152765,52.7897159,0.0,F150W,0.6902984,0.02706879,25.501634908690047,0.01736254989640358,0.0019460420840683348,8.921980690215074,16.57965421847497,2.858292995036207,nircam4
1843,617.067,934.1207,214.8152765,52.7897159,0.0,F200W,0.406193,0.02286205,17.767129369413507,0.010745211902581228,0.0019310111806590863,5.5645518835958825,12.202577485817624,3.1929128779965956,nircam4
1843,617.067,934.1207,214.8152765,52.7897159,0.0,F277W,0.4562629,0.01914398,23.833231125398168,0.01451165623993272,0.001821731638912308,7.96585837889774,15.867372746500429,2.991922526332441,nircam4
1843,617.067,934.1207,214.8152765,52.7897159,0.0,F356W,0.3643094,0.02052051,17.753428155538046,0.012511260534760907,0.0014058020932357553,8.899731046753214,8.853697108784832,1.9948274911088268,nircam4
1843,617.067,934.1207,214.8152765,52.7897159,0.0,F410M,0.3277622,0.04621089,7.092748051379232,0.011502221623066359,0.00292192273075229,3.936524912862754,3.1562231385164776,1.8017790331272618,nircam4
1843,617.067,934.1207,214.8152765,52.7897159,0.0,F444W,0.4149754,0.03823271,10.853936328342929,0.014944635117112267,0.002232041847909784,6.695499518123868,4.158436810219061,1.621079398028885,nircam4
9859,4436.0464,3316.1958,214.7562224,52.7782638,0.0,F606W,0.2444495,0.05630785,4.341304098806827,0.0075055598438699385,0.003036884187143652,2.4714672609656905,1.8698368378411363,1.7565695355845112,nircam4
9859,4436.0464,3316.1958,214.7562224,52.7782638,0.0,F814W,0.2984225,0.03957001,7.541633171181911,0.004942178821010313,0.004706207289232765,1.0501404883540557,6.491492682827856,7.181546902360024,nircam4
9859,4436.0464,3316.1958,214.7562224,52.7782638,0.0,F115W,1.846703,0.06845551,26.976688947317754,0.008614653761306499,0.0018825783045763461,4.575986953830924,22.40070199348683,5.895272259186275,nircam4
9859,4436.0464,3316.1958,214.7562224,52.7782638,0.0,F150W,2.460611,0.08235657,29.877531325066112,0.01178488109607051,0.002682856370827491,4.392661949486182,25.48486937557993,6.801691472880345,nircam4
9859,4436.0464,3316.1958,214.7562224,52.7782638,0.0,F200W,3.093962,0.06955761,44.48056797811195,0.02027186538658201,0.0019413112934549687,10.442356903257897,34.038211074854054,4.259629161327987,nircam4
9859,4436.0464,3316.1958,214.7562224,52.7782638,0.0,F277W,1.655836,0.05824542,28.428604343483148,0.018500803444114085,0.0016029866160034707,11.541458462229624,16.887145881253524,2.4631726082555425,nircam4
9859,4436.0464,3316.1958,214.7562224,52.7782638,0.0,F356W,1.316548,0.06243347,21.087214918536485,0.013937688875479085,0.0016970967091005718,8.212666255693694,12.874548662842791,2.567645422571153,nircam4
9859,4436.0464,3316.1958,214.7562224,52.7782638,0.0,F410M,0.6411896,0.1405962,4.560504480206435,0.010337375317668632,0.002255376860625177,4.58343592068386,-0.022931440477425014,0.9949968886062219,nircam4
9859,4436.0464,3316.1958,214.7562224,52.7782638,0.0,F444W,0.7673168,0.1163227,6.5964493602710395,0.010823222854396587,0.002251714185896789,4.806659265277057,1.7897900949939824,1.37235634901839,nircam4
9427,3994.1465,3180.5862,214.7615817,52.7803444,0.0,F606W,-0.04361507,0.03346812,-1.3031825510366284,0.000764930126523917,0.003464084065172703,0.22081742594366896,-1.5239999769802974,-5.901629119474807,nircam4
9427,3994.1465,3180.5862,214.7615817,52.7803444,0.0,F814W,0.0172153,0.02351953,0.7319576539157032,0.007359114004319337,0.004482646655541964,1.6416895128731934,-0.9097318589574902,0.44585632555736543,nircam4
9427,3994.1465,3180.5862,214.7615817,52.7803444,0.0,F115W,0.4391967,0.04068842,10.794144869719688,0.008140836075376853,0.0021215001443739803,3.837301683417551,6.9568431863021365,2.81295185008917,nircam4
9427,3994.1465,3180.5862,214.7615817,52.7803444,0.0,F150W,0.8252876,0.0489509,16.85949798675816,0.01768030114880354,0.0021716294873987832,8.141490641656981,8.71800734510118,2.0708121803265827,nircam4
9427,3994.1465,3180.5862,214.7615817,52.7803444,0.0,F200W,0.898421,0.04134348,21.730657409584293,0.014027155168706229,0.002228610925097315,6.29412474413573,15.436532665448564,3.4525304618137516,nircam4
9427,3994.1465,3180.5862,214.7615817,52.7803444,0.0,F277W,0.7187134,0.03461977,20.760201468698373,0.016722053757802266,0.0018989361551159697,8.806011572717164,11.954189895981209,2.3575033143287873,nircam4
9427,3994.1465,3180.5862,214.7615817,52.7803444,0.0,F356W,0.7219855,0.03710905,19.455779654828135,0.017667180984975446,0.00156704069881724,11.274232378463532,8.181547276364602,1.7256855280004078,nircam4
9427,3994.1465,3180.5862,214.7615817,52.7803444,0.0,F410M,0.8901407,0.08356725,10.651788828757677,0.017933592417754995,0.0028003505069458924,6.404052768849161,4.247736059908516,1.663288734997706,nircam4
9427,3994.1465,3180.5862,214.7615817,52.7803444,0.0,F444W,0.8047872,0.06913961,11.640030946081414,0.022064396394763854,0.0028554612408298336,7.727086636396317,3.9129443096850967,1.5063932234503814,nircam4
12415,8324.2852,4530.7695,214.708864,52.7600615,0.0,F606W,0.07203355,0.06981325,1.031803418405532,0.003208200050474452,0.0035119480777217327,0.9135101030752346,0.11829331533029741,1.1294931659015872,nircam4
12415,8324.2852,4530.7695,214.708864,52.7600615,0.0,F814W,0.1237207,0.04906085,2.5217806051057003,-0.004440430295004999,0.005842253057578887,-0.7600544261335329,3.2818350312392335,,nircam4
12415,8324.2852,4530.7695,214.708864,52.7600615,0.0,F115W,0.3182584,0.08487451,3.7497524286149044,0.010153464716080361,0.0016574200740983114,6.126065971298293,-2.3763135426833886,0.6120979509824348,nircam4
12415,8324.2852,4530.7695,214.708864,52.7600615,0.0,F150W,2.312574,0.1021097,22.647936483997114,0.021341362723948636,0.0023233217323013473,9.185711314639631,13.462225169357483,2.4655615344564774,nircam4
12415,8324.2852,4530.7695,214.708864,52.7600615,0.0,F200W,1.157261,0.08624095,13.418926855513536,0.018624853716345428,0.002081712332466157,8.946891184662864,4.472035670850673,1.4998424121349352,nircam4
12415,8324.2852,4530.7695,214.708864,52.7600615,0.0,F277W,2.270615,0.07221554,31.44219374389501,0.021762857941599083,0.0019127051145944364,11.378051836398004,20.064141907497007,2.763407496818787,nircam4
12415,8324.2852,4530.7695,214.708864,52.7600615,0.0,F356W,2.616679,0.0774081,33.80368462731936,0.026198923108574995,0.001797965465261806,14.571427324250696,19.232257303068668,2.319860908276372,nircam4
12415,8324.2852,4530.7695,214.708864,52.7600615,0.0,F410M,4.080155,0.1743181,23.40637604471366,0.02840403635761999,0.003623655912541946,7.838502618118325,15.567873426595336,2.9860774672207087,nircam4
12415,8324.2852,4530.7695,214.708864,52.7600615,0.0,F444W,3.706925,0.1442226,25.70280247339876,0.03488450445082908,0.0027969195627916285,12.472473257690174,13.230329215708585,2.060762283659429,nircam4
11659,10020.7949,4400.8706,214.6951523,52.7485649,0.0,F606W,0.06033618,0.0345568,1.7460002083526254,0.003799116437209545,0.0033355115569477928,1.1389906382713841,0.6070095700812412,1.53293639972536,nircam4
11659,10020.7949,4400.8706,214.6951523,52.7485649,0.0,F814W,0.03985929,0.02428459,1.6413408667801266,0.013172904868922511,0.006404089837510422,2.0569519171585284,-0.41561105037840185,0.7979480964472293,nircam4
11659,10020.7949,4400.8706,214.6951523,52.7485649,0.0,F115W,0.1078568,0.04201196,2.5672879818032768,0.003881484407035161,0.0017682397732570437,2.195112034996015,0.37217594680726185,1.1695475861248865,nircam4
11659,10020.7949,4400.8706,214.6951523,52.7485649,0.0,F150W,0.7927521,0.05054321,15.684640924072689,0.016433484522183916,0.0019507902274633723,8.424014171709535,7.260626752363153,1.8618963126565717,nircam4
11659,10020.7949,4400.8706,214.6951523,52.7485649,0.0,F200W,0.5396918,0.04268833,12.642607476094756,0.013301804788842528,0.001734595357913731,7.668534755472397,4.97407272062236,1.6486340453856294,nircam4
11659,10020.7949,4400.8706,214.6951523,52.7485649,0.0,F277W,0.7824864,0.03574591,21.890235833973733,0.016778982736234082,0.0012647190222886576,13.266964788645737,8.623271045327996,1.649980698879072,nircam4
11659,10020.7949,4400.8706,214.6951523,52.7485649,0.0,F356W,1.530092,0.03831617,39.93332318966118,0.03983371947327498,0.0012696719462507893,31.37323746570904,8.560085723952142,1.2728467450421181,nircam4
11659,10020.7949,4400.8706,214.6951523,52.7485649,0.0,F410M,3.200188,0.08628559,37.088324945103814,0.08511128852599542,0.002853257450820689,29.829515910495445,7.258809034608369,1.2433431724600792,nircam4
11659,10020.7949,4400.8706,214.6951523,52.7485649,0.0,F444W,3.841195,0.07138864,53.80681015915137,0.11107122519353632,0.002592649626402903,42.84081584430631,10.965994314845055,1.2559707162136706,nircam4
4547,8867.1318,1876.1993,214.9243357,52.8685917,0.999,F606W,-0.02397772,0.02382959,-1.006216221093187,0.002404396698640872,0.0030192760904643465,0.7963487361207469,-1.802564957213934,-1.2635371608609158,nircam5
4547,8867.1318,1876.1993,214.9243357,52.8685917,0.999,F814W,-0.01862621,0.01615487,-1.152978018393215,0.0009613015897463293,0.0024599085062294453,0.3907875383624796,-1.5437655567556945,-2.9503960725680987,nircam5
4547,8867.1318,1876.1993,214.9243357,52.8685917,0.999,F115W,0.248653,0.03671125,6.77320984711771,0.00791421410804017,0.0017399334319390517,4.548572929724243,2.2246369173934664,1.4890845880156822,nircam5
4547,8867.1318,1876.1993,214.9243357,52.8685917,0.999,F150W,1.324625,0.0001410884,9388.617349122962,0.02051799839726789,0.0022771374234133454,9.010434849606996,9379.606914273356,1041.9716146699025,nircam5
4547,8867.1318,1876.1993,214.9243357,52.8685917,0.999,F200W,0.9161901,0.0001072522,8542.389806456185,0.01590158995635641,0.0019559132809688165,8.13000765988967,8534.259798796296,1050.7234634723718,nircam5
4547,8867.1318,1876.1993,214.9243357,52.8685917,0.999,F277W,0.6774461,6.846575e-05,9894.671423302892,0.011724140076647722,0.001687642988000695,6.947049915181998,9887.724373387711,1424.2983056274286,nircam5
4547,8867.1318,1876.1993,214.9243357,52.8685917,0.999,F356W,0.7534346,0.03295062,22.865566717712746,0.01648692214681272,0.0013432858794556217,12.273576607158402,10.591990110554343,1.8629913227067572,nircam5
4547,8867.1318,1876.1993,214.9243357,52.8685917,0.999,F410M,0.3686442,9.984284e-05,3692.244731820529,0.017988167925095448,0.0032200765083810856,5.5862548229138556,3686.6584769976153,660.9517196880416,nircam5
4547,8867.1318,1876.1993,214.9243357,52.8685917,0.999,F444W,0.3835769,5.493876e-05,6981.899482259883,0.014725885366041813,0.0021966078279733498,6.703921008798514,6975.195561251085,1041.4650580006146,nircam5
9883,1088.0367,3457.0374,214.977354,52.9264967,0.972,F606W,0.04309722,0.02996199,1.438396448299996,-0.003039092768143068,0.00244794436752381,-1.2414876777682768,2.6798841260682726,,nircam5
9883,1088.0367,3457.0374,214.977354,52.9264967,0.972,F814W,-0.005972813,0.02031222,-0.294050231830888,0.00017265770037153713,0.002238195328949549,0.07714148007473971,-0.3711917119056277,-3.8118303090113503,nircam5
9883,1088.0367,3457.0374,214.977354,52.9264967,0.972,F115W,0.4467454,0.04615865,9.67847629859192,0.005588738095477364,0.0014838667917687958,3.766334098504548,5.912142200087373,2.5697338699811136,nircam5
9883,1088.0367,3457.0374,214.977354,52.9264967,0.972,F150W,2.42882,0.0001773965,13691.476438373926,0.046012785526185845,0.001942903063576549,23.68249162234798,13667.793946751577,578.1265188099535,nircam5
9883,1088.0367,3457.0374,214.977354,52.9264967,0.972,F200W,1.815394,0.0001348528,13462.041574220186,0.038643430810260324,0.0016399030688717688,23.564460329259877,13438.477113890925,571.2858001464364,nircam5
9883,1088.0367,3457.0374,214.977354,52.9264967,0.972,F277W,2.059761,8.608497e-05,23927.068801905836,0.04323216663789544,0.001489576926063742,29.02311782724637,23898.04568407859,824.414142695708,nircam5
9883,1088.0367,3457.0374,214.977354,52.9264967,0.972,F356W,2.213053,0.04143025,53.41635640624905,0.043843322222668166,0.001142938828682003,38.36016514831922,15.056191257929832,1.3924954754421732,nircam5
9883,1088.0367,3457.0374,214.977354,52.9264967,0.972,F410M,2.25694,0.0001255368,17978.313928664746,0.04498969000409544,0.002627895053015477,17.120048212149996,17961.193880452596,1050.1322020755551,nircam5
9883,1088.0367,3457.0374,214.977354,52.9264967,0.972,F444W,2.852978,6.907689e-05,41301.48302854978,0.06439338832245452,0.002131698935072147,30.207543505797705,41271.27548504398,1367.257255480666,nircam5
12083,1206.2175,4178.8481,214.9686979,52.9296469,0.37,F606W,0.02850798,0.04604997,0.6190662013460595,-0.0020739162630787652,0.00244875309770224,-0.8469274689329852,1.4659936702790448,,nircam5
12083,1206.2175,4178.8481,214.9686979,52.9296469,0.37,F814W,0.1268513,0.0312188,4.063298397119684,0.008328674235277512,0.002552420556489414,3.2630493490197896,0.8002490480998947,1.2452457693722245,nircam5
12083,1206.2175,4178.8481,214.9686979,52.9296469,0.37,F115W,0.7898422,0.07094338,11.133416535834634,0.012761292550251204,0.0015014663747213847,8.499219672914231,2.634196862920403,1.309933966210475,nircam5
12083,1206.2175,4178.8481,214.9686979,52.9296469,0.37,F150W,2.633958,0.000272649,9660.618597537492,0.046514684828534325,0.0016798001360284053,27.690606656640828,9632.927990880851,348.8771018030643,nircam5
12083,1206.2175,4178.8481,214.9686979,52.9296469,0.37,F200W,3.508346,0.0002072616,16927.139421870717,0.04804845044220368,0.0018252642907909387,26.32410587585808,16900.81531599486,643.0280861844827,nircam5
12083,1206.2175,4178.8481,214.9686979,52.9296469,0.37,F277W,2.996022,0.000132308,22644.299664419384,0.04039776442889089,0.0016248364655950475,24.86266481845385,22619.43699960093,910.7752459266584,nircam5
12083,1206.2175,4178.8481,214.9686979,52.9296469,0.37,F356W,2.692003,0.06367609,42.276512267006346,0.04177066793977953,0.0012797724566490456,32.63913652990453,9.637375737101813,1.2952705482349964,nircam5
12083,1206.2175,4178.8481,214.9686979,52.9296469,0.37,F410M,2.999258,0.0001929433,15544.76366891206,0.03910149238494544,0.0029986835439842524,13.03955279422135,15531.724116117839,1192.1239872429464,nircam5
12083,1206.2175,4178.8481,214.9686979,52.9296469,0.37,F444W,4.940454,0.0001061675,46534.52327689736,0.07141489558050906,0.0024521507891687878,29.123370347349955,46505.39990655001,1597.8412773620382,nircam5
12779,4251.2803,4442.6846,214.9386418,52.9117483,0.275,F606W,-0.01796778,0.03179339,-0.565141999642064,-0.00019124065911892726,0.002605353422910407,-0.07340296231491494,-0.4917390373271491,,nircam5
12779,4251.2803,4442.6846,214.9386418,52.9117483,0.275,F814W,-0.0478388,0.02155379,-2.219507566882669,0.0019877442515510656,0.0028441981450534177,0.6988768539238792,-2.9183844208065484,-3.1758206820287898,nircam5
12779,4251.2803,4442.6846,214.9386418,52.9117483,0.275,F115W,0.5753549,0.04898005,11.746719327562957,0.013781065511306477,0.001602113807468471,8.601801848947416,3.1449174786155414,1.3656114769721623,nircam5
12779,4251.2803,4442.6846,214.9386418,52.9117483,0.275,F150W,3.56924,0.0001882397,18961.14369073049,0.059580166559605956,0.0017719339518757343,33.62437211417252,18927.519318616316,563.9107141197278,nircam5
12779,4251.2803,4442.6846,214.9386418,52.9117483,0.275,F200W,3.261379,0.0001430956,22791.60924584683,0.05429932618099865,0.002024019503741401,26.827471810734192,22764.781774036095,849.5623220346639,nircam5
12779,4251.2803,4442.6846,214.9386418,52.9117483,0.275,F277W,2.35456,9.134683e-05,25776.04499247538,0.048778791554436346,0.0015539049594156488,31.391103592834774,25744.653888882545,821.1257981499871,nircam5
12779,4251.2803,4442.6846,214.9386418,52.9117483,0.275,F356W,2.725677,0.04396264,61.999848052801205,0.05472797936444997,0.0013795377060935993,39.6712457533486,22.328602299452605,1.5628409664339284,nircam5
12779,4251.2803,4442.6846,214.9386418,52.9117483,0.275,F410M,2.84931,0.0001332101,21389.594332561872,0.05978892338754997,0.003335712606307337,17.923883272946835,21371.670449288926,1193.3571540741932,nircam5
12779,4251.2803,4442.6846,214.9386418,52.9117483,0.275,F444W,4.334879,7.329915e-05,59139.5534600333,0.09281377650635678,0.0027288638827985367,34.011874718783446,59105.54158531452,1738.7913471106845,nircam5
12888,958.9188,4500.5728,214.9675279,52.9329541,0.999,F606W,-0.0001204101,0.02545508,-0.004730297449467846,-0.0026266456043051835,0.0023697973864261392,-1.108384041332071,1.103653743882603,,nircam5
12888,958.9188,4500.5728,214.9675279,52.9329541,0.999,F814W,0.03587923,0.01725684,2.079130941701957,0.004119595451050921,0.003025277121018568,1.361724987912483,0.7174059537894739,1.5268361527897445,nircam5
12888,958.9188,4500.5728,214.9675279,52.9329541,0.999,F115W,2.355578,0.03921543,60.06763154197212,0.04561233795226112,0.001269540726846485,35.92821954248077,24.13941199949135,1.6718788825855793,nircam5
12888,958.9188,4500.5728,214.9675279,52.9329541,0.999,F150W,5.076152,0.0001507124,33681.050796085794,0.10987366576655479,0.001746756350627142,62.901540748431565,33618.14925533736,535.4566898574042,nircam5
12888,958.9188,4500.5728,214.9675279,52.9329541,0.999,F200W,4.654439,0.0001145681,40625.95958211754,0.10502459069915349,0.0015267074779239998,68.7915610670649,40557.16802105047,590.5660367630164,nircam5
12888,958.9188,4500.5728,214.9675279,52.9329541,0.999,F277W,4.240529,7.3136e-05,57981.418179829365,0.0953312845312227,0.0013294369683564244,71.70801384369523,57909.71016598567,808.5765463566421,nircam5
12888,958.9188,4500.5728,214.9675279,52.9329541,0.999,F356W,3.664911,0.03519828,104.1218775462892,0.08936369946930679,0.0012712395490230171,70.29650669536302,33.82537085092618,1.48118139067012,nircam5
12888,958.9188,4500.5728,214.9675279,52.9329541,0.999,F410M,3.570183,0.0001066534,33474.62903198585,0.08838434848154543,0.002716396189589357,32.53735549338503,33442.09167649247,1028.8060761050901,nircam5
12888,958.9188,4500.5728,214.9675279,52.9329541,0.999,F444W,5.603798,5.868629e-05,95487.34465920406,0.13202394464402495,0.0019197950888536753,68.76981059622227,95418.57484860784,1388.5067274629,nircam5
3206,3637.8115,1486.3363,214.8793466,52.837735,0.0,F606W,-0.06098159,0.03263461,-1.8686170908737687,0.005438159454402977,0.002897995172234039,1.8765246769582253,-3.745141767831994,-0.9957860473770723,nircam6
3206,3637.8115,1486.3363,214.8793466,52.837735,0.0,F814W,-0.03027593,0.02097697,-1.4432937645427342,0.00039852970164445023,0.002564109109988136,0.15542618685454232,-1.5987199513972765,-9.286039847927686,nircam6
3206,3637.8115,1486.3363,214.8793466,52.837735,0.0,F115W,0.5761116,0.0509757,11.301690805619147,0.00998628556526016,0.0019245099610821765,5.189001754838798,6.112689050780349,2.178008669023903,nircam6
3206,3637.8115,1486.3363,214.8793466,52.837735,0.0,F150W,1.12711,0.06102611,18.46930764553074,0.017316013431555796,0.0021206594603478492,8.165390886811913,10.303916758718827,2.261901224515888,nircam6
3206,3637.8115,1486.3363,214.8793466,52.837735,0.0,F200W,1.105114,0.0526489,20.990258106057297,0.01976233105735251,0.0023541180779566456,8.394791766140314,12.595466339916984,2.500390562481816,nircam6
3206,3637.8115,1486.3363,214.8793466,52.837735,0.0,F277W,0.7626651,0.04354863,17.51295276108571,0.014338812995776704,0.0017434273021180147,8.224497217840456,9.288455543245254,2.129364543171937,nircam6
3206,3637.8115,1486.3363,214.8793466,52.837735,0.0,F356W,0.616274,0.04589006,13.429357032873785,0.014507227111694533,0.0018274872091217657,7.938346730572337,5.491010302301448,1.6917070378337529,nircam6
3206,3637.8115,1486.3363,214.8793466,52.837735,0.0,F410M,1.063094,0.09984432,10.647516052991296,0.018037707868133874,0.0031814303605318213,5.6696849605466815,4.977831092444615,1.8779731373230732,nircam6
3206,3637.8115,1486.3363,214.8793466,52.837735,0.0,F444W,0.6280883,0.08124427,7.730862742689424,0.019904516426899544,0.002779851527076686,7.160280408152334,0.5705823345370895,1.0796871493869784,nircam6
7070,811.1641,2471.5896,215.1555321,52.9825607,1.0,F606W,0.004808365,0.0189681,0.25349745098349336,0.0013795349301249681,0.002180374448071566,0.6327055113607202,-0.3792080603772268,0.40065630286404846,nircam7
7070,811.1641,2471.5896,215.1555321,52.9825607,1.0,F814W,0.0557936,0.01157357,4.8207769944796635,0.007348023358314244,0.0027648789868175015,2.65762928263712,2.1631477118425435,1.8139388461644617,nircam7
7070,811.1641,2471.5896,215.1555321,52.9825607,1.0,F115W,0.3078575,0.02557869,12.035702375688512,0.007977600214824089,0.0015109392888588364,5.279894614990992,6.75580776069752,2.2795345841782577,nircam7
7070,811.1641,2471.5896,215.1555321,52.9825607,1.0,F150W,0.7569294,0.0001162232,6512.722072701491,0.01682454676414802,0.0017462459131658034,9.634694997594279,6503.087377703897,675.9655675999786,nircam7
7070,811.1641,2471.5896,215.1555321,52.9825607,1.0,F200W,0.6389889,8.246826e-05,7748.300982705346,0.013895029840640697,0.0015950307256363003,8.711449640004647,7739.589533065341,889.4387619626086,nircam7
7070,811.1641,2471.5896,215.1555321,52.9825607,1.0,F277W,0.3458626,6.058235e-05,5708.966390376075,0.01019694137081136,0.0014964435464112494,6.814116974386054,5702.152273401689,837.8145564327427,nircam7
7070,811.1641,2471.5896,215.1555321,52.9825607,1.0,F356W,0.4262759,0.02282599,18.675023514861785,0.01259920664846613,0.0012878709738686391,9.782972754343037,8.892050760518748,1.908931363073788,nircam7
7070,811.1641,2471.5896,215.1555321,52.9825607,1.0,F410M,0.430188,8.431262e-05,5102.296666857227,0.014307643449517722,0.0030966493328333997,4.620362821781434,5097.676304035445,1104.3064935947991,nircam7
7070,811.1641,2471.5896,215.1555321,52.9825607,1.0,F444W,0.5131886,5.017173e-05,10228.64071061532,0.014742405984316816,0.0021140544114459595,6.97352249047998,10221.66718812484,1466.782494009178,nircam7
9437,9288.7871,3104.2708,215.0726703,52.9322918,0.998,F606W,-0.007647635,0.03119285,-0.2451726918187982,0.0005450934361438054,0.0036129796322776613,0.15087088542488478,-0.396043577243683,-1.6250497312873806,nircam7
9437,9288.7871,3104.2708,215.0726703,52.9322918,0.998,F814W,0.05853249,0.01903261,3.075379046804406,0.005919892304257128,0.002909077065098015,2.034972663763952,1.040406383040454,1.5112630756995449,nircam7
9437,9288.7871,3104.2708,215.0726703,52.9322918,0.998,F115W,-0.1352649,0.0420639,-3.2157003986791524,0.0032700276520100375,0.0019291328986481974,1.6950764015799256,-4.910776800259078,-1.8970828664017165,nircam7
9437,9288.7871,3104.2708,215.0726703,52.9322918,0.998,F150W,0.7493125,0.000191128,3920.4747603700143,0.014276119943721818,0.0024808855324419347,5.754445240232362,3914.720315129782,681.2949983362266,nircam7
9437,9288.7871,3104.2708,215.0726703,52.9322918,0.998,F200W,0.6310143,0.0001356182,4652.873286918718,0.011960088602207418,0.0018745125023830124,6.380372809998819,4646.492914108719,729.2478708496627,nircam7
9437,9288.7871,3104.2708,215.0726703,52.9322918,0.998,F277W,0.9318789,9.962708e-05,9353.670708807284,0.018424870100639538,0.002083662528874087,8.842540404369354,9344.828168402913,1057.8035588263035,nircam7
9437,9288.7871,3104.2708,215.0726703,52.9322918,0.998,F356W,0.9255084,0.03753712,24.655818027595085,0.01560892933429454,0.002049288376464934,7.616755901002217,17.039062126592867,3.2370497818304584,nircam7
9437,9288.7871,3104.2708,215.0726703,52.9322918,0.998,F410M,1.028751,0.0001386513,7419.699634983588,0.025654780214015897,0.0032977896370451785,7.779386509626671,7411.920248473962,953.7641079797249,nircam7
9437,9288.7871,3104.2708,215.0726703,52.9322918,0.998,F444W,1.310481,8.250691e-05,15883.287836133968,0.029248623010999304,0.002505734074649617,11.672676405252306,15871.615159728715,1360.7237350456346,nircam7
9959,9701.4639,3210.0371,215.0678534,52.930249,1.0,F606W,0.04112936,0.01777606,2.3137500661001367,0.004422589053247941,0.002685434383836109,1.6468803259047902,0.6668697401953465,1.4049290830097023,nircam7
9959,9701.4639,3210.0371,215.0678534,52.930249,1.0,F814W,0.06620706,0.01084623,6.104154162321839,0.010299752746938675,0.002677263837902871,3.847119062799048,2.257035099522791,1.5866818943421628,nircam7
9959,9701.4639,3210.0371,215.0678534,52.930249,1.0,F115W,0.5404769,0.02397122,22.546908334244147,0.013315569501256229,0.0013653163944019123,9.752735377567351,12.794172956676796,2.3118548244531656,nircam7
9959,9701.4639,3210.0371,215.0678534,52.930249,1.0,F150W,1.358524,0.0001089193,12472.75735337998,0.033198986427590886,0.001744881180327962,19.02650266498428,12453.730850714996,655.5465065229466,nircam7
9959,9701.4639,3210.0371,215.0678534,52.930249,1.0,F200W,0.8170736,7.728561e-05,10572.131086239728,0.019931610390324192,0.0020037195037414194,9.94730567482482,10562.183780564903,1062.81353281384,nircam7
9959,9701.4639,3210.0371,215.0678534,52.930249,1.0,F277W,0.5485154,5.677509e-05,9661.198247329947,0.014692266803696358,0.0013764202149153095,10.674259680645832,9650.523987649301,905.0930496704394,nircam7
9959,9701.4639,3210.0371,215.0678534,52.930249,1.0,F356W,0.5197917,0.02139151,24.298971881835364,0.015498938774917493,0.001188431431289954,13.04150863638346,11.257463245451904,1.8632025296556265,nircam7
9959,9701.4639,3210.0371,215.0678534,52.930249,1.0,F410M,0.5067504,7.901405e-05,6413.421410495982,0.016897440896976812,0.0025744316153658558,6.563561757135854,6406.857848738846,977.1251719424075,nircam7
9959,9701.4639,3210.0371,215.0678534,52.930249,1.0,F444W,0.6345119,4.701872e-05,13494.878210210742,0.02100578800737454,0.0022558119502757087,9.311852437348415,13485.566357773394,1449.2152126557387,nircam7
11615,9901.8926,3616.1855,215.0617841,52.9311765,0.618,F606W,-0.0001949096,0.02463631,-0.00791147700284661,0.0016989504126999821,0.0024773058418736294,0.6858056780809254,-0.693717155083772,-0.011536033100491554,nircam7
11615,9901.8926,3616.1855,215.0617841,52.9311765,0.618,F814W,0.0112476,0.01503208,0.7482397645568677,-0.005508742527149546,0.0031246684386661517,-1.7629846607024648,2.5112244252593325,,nircam7
11615,9901.8926,3616.1855,215.0617841,52.9311765,0.618,F115W,0.2308233,0.03322234,6.947833897311266,0.006257413492462287,0.0014546256333615303,4.301734651823697,2.6460992454875694,1.6151237720731495,nircam7
11615,9901.8926,3616.1855,215.0617841,52.9311765,0.618,F150W,0.4599346,0.0001509541,3046.8506652022043,0.010691154687090101,0.0020490556551269893,5.2176009276954085,3041.633064274509,583.9562487482125,nircam7
11615,9901.8926,3616.1855,215.0617841,52.9311765,0.618,F200W,0.6334674,0.0001071122,5914.054608158548,0.012419387569515486,0.001530995222632299,8.111970165499507,5905.942637993048,729.052805607105,nircam7
11615,9901.8926,3616.1855,215.0617841,52.9311765,0.618,F277W,0.4767567,7.868611e-05,6058.9689844878585,0.01195477003307045,0.0013870155217806416,8.619060021565579,6050.349924466293,702.9732905128672,nircam7
11615,9901.8926,3616.1855,215.0617841,52.9311765,0.618,F356W,0.8843697,0.02964706,29.82992917341551,0.023140115965043628,0.0011575981739542396,19.989765434752982,9.840163738662529,1.4922600903337777,nircam7
11615,9901.8926,3616.1855,215.0617841,52.9311765,0.618,F410M,1.624184,0.0001095077,14831.687634750799,0.06029200020219089,0.003886466523878546,15.51332034683828,14816.174314403961,956.061455778137,nircam7
11615,9901.8926,3616.1855,215.0617841,52.9311765,0.618,F444W,2.300026,6.516449e-05,35295.695554434635,0.06683058118209771,0.00256541861804695,26.05055592563515,35269.644998509,1354.8922201580262,nircam7
11754,3390.3059,3640.8723,215.120031,52.9725643,0.963,F606W,0.02867344,0.03887303,0.7376178291221446,0.0005070095894856585,0.002268930672232568,0.22345750608006654,0.514160323042078,3.3009310900384365,nircam7
11754,3390.3059,3640.8723,215.120031,52.9725643,0.963,F814W,-0.02369028,0.02371875,-0.9987996837944665,0.000818451766919162,0.003284712366075524,0.249169995940017,-1.2479696797344835,-4.0085070436607015,nircam7
11754,3390.3059,3640.8723,215.120031,52.9725643,0.963,F115W,0.883586,0.05242072,16.855663180513353,0.014112977133165774,0.0013095503609696609,10.776964028107917,6.078699152405436,1.5640456010200359,nircam7
11754,3390.3059,3640.8723,215.120031,52.9725643,0.963,F150W,2.589434,0.0002381868,10871.442078234393,0.03211440556777344,0.001832738005485335,17.52263851770187,10853.919439716692,620.4226645006545,nircam7
11754,3390.3059,3640.8723,215.120031,52.9725643,0.963,F200W,2.083158,0.0001690096,12325.678541337296,0.0260242420710162,0.0018334397651113324,14.194217102865075,12311.48432423443,868.3591671180923,nircam7
11754,3390.3059,3640.8723,215.120031,52.9725643,0.963,F277W,1.57654,0.0001241569,12697.965235923255,0.027126565093561806,0.0016425094438317967,16.51531758032299,12681.449918342933,768.8598886558573,nircam7
11754,3390.3059,3640.8723,215.120031,52.9725643,0.963,F356W,1.313237,0.04677937,28.072994570042308,0.026306045540695447,0.0013616768197865661,19.318861244049632,8.754133325992676,1.4531391998422796,nircam7
11754,3390.3059,3640.8723,215.120031,52.9725643,0.963,F410M,1.549859,0.0001727895,8969.63646517873,0.03373581617813908,0.0031673498500298875,10.65111774053654,8958.985347438193,842.131002931425,nircam7
11754,3390.3059,3640.8723,215.120031,52.9725643,0.963,F444W,2.550913,0.0001028214,24809.164240129,0.04891444218156362,0.002941639615848355,16.628291894776147,24792.535948234225,1491.9851297488296,nircam7
3581,9653.0205,1545.0452,215.0857893,52.9215448,0.983,F606W,0.3163288,0.03237406,9.771057445374476,0.028517544601769498,0.0032529926874156796,8.766556627099304,1.0045008182751722,1.1145832806429432,nircam7
3581,9653.0205,1545.0452,215.0857893,52.9215448,0.983,F814W,0.1213053,0.01975335,6.140998868546348,0.028151524891622797,0.002684744572994343,10.485736771682866,-4.344737903136518,0.5856525871534703,nircam7
3581,9653.0205,1545.0452,215.0857893,52.9215448,0.983,F115W,1.405378,0.04365679,32.191510186617016,0.028183708944723503,0.0014886371632134494,18.93255767166573,13.258952514951286,1.700325478727816,nircam7
3581,9653.0205,1545.0452,215.0857893,52.9215448,0.983,F150W,1.704576,0.0001983657,8593.098504428941,0.03560563408921327,0.0026122247435388848,13.63038696317412,8579.468117465767,630.4368707686241,nircam7
3581,9653.0205,1545.0452,215.0857893,52.9215448,0.983,F200W,3.45931,0.0001407539,24577.009944307047,0.06284704604098527,0.001827238028920578,34.39455891694172,24542.615385390105,714.5609863367416,nircam7
3581,9653.0205,1545.0452,215.0857893,52.9215448,0.983,F277W,2.145931,0.0001033998,20753.724862137064,0.0467571969657227,0.0015810902157671052,29.572757138995563,20724.15210499807,701.7852533868258,nircam7
3581,9653.0205,1545.0452,215.0857893,52.9215448,0.983,F356W,1.651246,0.03895859,42.384644824158165,0.03643334088779317,0.0013858323412511203,26.289861914249588,16.094782909908577,1.612204923799349,nircam7
3581,9653.0205,1545.0452,215.0857893,52.9215448,0.983,F410M,1.817964,0.0001439018,12633.36525324909,0.04703390336476362,0.003704180163647124,12.69752044632035,12620.66773280277,994.9474235270989,nircam7
3581,9653.0205,1545.0452,215.0857893,52.9215448,0.983,F444W,1.746123,8.56313e-05,20391.177057921577,0.04756345377801816,0.002048301755327743,23.22092126040661,20367.95613666117,878.1381595178157,nircam7
13394,7405.8574,4103.9634,215.0790683,52.9496337,0.935,F606W,-0.06540138,0.02949152,-2.2176334078406263,-0.002112855318148462,0.0024737305610869234,-0.8541169969699942,-1.3635164108706321,,nircam7
13394,7405.8574,4103.9634,215.0790683,52.9496337,0.935,F814W,0.01321806,0.01799454,0.7345594830431897,0.0017240897457387098,0.002847863906143644,0.6053975198812566,0.12916196316193318,1.2133506645142305,nircam7
13394,7405.8574,4103.9634,215.0790683,52.9496337,0.935,F115W,0.2739232,0.03976965,6.887744800369125,0.003163352777638178,0.001473921638163176,2.146215033236365,4.741529767132761,3.20925195924232,nircam7
13394,7405.8574,4103.9634,215.0790683,52.9496337,0.935,F150W,0.6749691,0.0001807035,3735.22981015863,0.012657092839863757,0.0016443628404133142,7.697262750526744,3727.5325474081033,485.2672867251437,nircam7
13394,7405.8574,4103.9634,215.0790683,52.9496337,0.935,F200W,0.7597991,0.0001282213,5925.68551402926,0.012985360656629728,0.0016315025316739325,7.959142204521535,5917.726371824739,744.5130846717274,nircam7
13394,7405.8574,4103.9634,215.0790683,52.9496337,0.935,F277W,0.455794,9.419321e-05,4838.926287786561,0.012476113300461358,0.001387245149044595,8.993445253028089,4829.932842533533,538.0503412924315,nircam7
13394,7405.8574,4103.9634,215.0790683,52.9496337,0.935,F356W,0.5501999,0.03548977,15.503056232824276,0.014131582761677496,0.0010853922631582544,13.01979315805852,2.4832630747657554,1.1907298406832796,nircam7
13394,7405.8574,4103.9634,215.0790683,52.9496337,0.935,F410M,0.2700519,0.0001310889,2060.0668706503757,0.009142343035499541,0.0027606322346185124,3.3116845195292406,2056.7551861308466,622.0601203109819,nircam7
13394,7405.8574,4103.9634,215.0790683,52.9496337,0.935,F444W,1.598173,7.800681e-05,20487.60871006006,0.04294630770692499,0.0025403141569958227,16.905904172778897,20470.702805887282,1211.8611640451777,nircam7
13743,9031.6855,4290.2261,215.0625085,52.9403387,0.139,F606W,0.665813,0.1107434,6.012213820417289,0.008121416338461864,0.002598768057705812,3.1251024170396478,2.887111403377641,1.9238453714782726,nircam7
13743,9031.6855,4290.2261,215.0625085,52.9403387,0.139,F814W,0.3215564,0.06757115,4.758782409356656,0.0018253081652841586,0.0024233004123300887,0.7532323091254958,4.005550100231161,6.31781503754348,nircam7
13743,9031.6855,4290.2261,215.0625085,52.9403387,0.139,F115W,2.112154,0.1493387,14.143380115134255,0.004528672066582896,0.001671911288158667,2.7086796402759368,11.434700474858317,5.221503460517557,nircam7
13743,9031.6855,4290.2261,215.0625085,52.9403387,0.139,F150W,5.835639,0.0006785582,8600.056708473938,0.03668399103762061,0.00186932340293435,19.624207871166817,8580.43250060277,438.2371387896736,nircam7
13743,9031.6855,4290.2261,215.0625085,52.9403387,0.139,F200W,6.598206,0.000481483,13703.923087627185,0.035805531827708806,0.001682367020199964,21.282830320492735,13682.640257306692,643.8957075381088,nircam7
13743,9031.6855,4290.2261,215.0625085,52.9403387,0.139,F277W,7.46771,0.0003537042,21112.86775786095,0.04328978657490453,0.0018516394552696267,23.379166204146845,21089.488591656802,903.0633331190437,nircam7
13743,9031.6855,4290.2261,215.0625085,52.9403387,0.139,F356W,7.440938,0.1332674,55.83464523206725,0.05058107195640226,0.0014009979388309765,36.103601978606925,19.731043253460328,1.5465117653676743,nircam7
13743,9031.6855,4290.2261,215.0625085,52.9403387,0.139,F410M,10.7614,0.0004922511,21861.606810020334,0.09712894587613634,0.0034231882364839485,28.37382555856764,21833.232984461767,770.4849938156858,nircam7
13743,9031.6855,4290.2261,215.0625085,52.9403387,0.139,F444W,11.24457,0.0002929228,38387.486395732936,0.12898177582425224,0.0025619476766935148,50.34520298662692,38337.14119274631,762.4854825976114,nircam7
14097,9252.4941,4364.2607,215.0597475,52.9393399,0.992,F606W,0.2401889,0.04029568,5.960661291731521,0.005604131435333793,0.0025797491983545803,2.172355141696809,3.7883061500347117,2.743870547370858,nircam7
14097,9252.4941,4364.2607,215.0597475,52.9393399,0.992,F814W,-0.04275607,0.0245868,-1.7389847397790685,-0.007229233568640504,0.0024553391638628044,-2.94429123073461,1.2053064909555413,,nircam7
14097,9252.4941,4364.2607,215.0597475,52.9393399,0.992,F115W,0.5642353,0.05433918,10.383581423201454,0.009917381826633126,0.0016042582780819029,6.181910956688739,4.201670466512715,1.67967178691996,nircam7
14097,9252.4941,4364.2607,215.0597475,52.9393399,0.992,F150W,2.045584,0.0002469038,8284.94336660675,0.03591279183289494,0.0019678479024450306,18.249780274315746,8266.693586332434,453.97496529132235,nircam7
14097,9252.4941,4364.2607,215.0597475,52.9393399,0.992,F200W,2.235162,0.000175195,12758.138074716742,0.03497806355226834,0.001646285087551806,21.246662450356208,12736.891412266386,600.4772798799205,nircam7
14097,9252.4941,4364.2607,215.0597475,52.9393399,0.992,F277W,1.836132,0.0001287007,14266.682310197226,0.031084574099249987,0.0014396719682627263,21.591428314576554,14245.09088188265,660.7567643204812,nircam7
14097,9252.4941,4364.2607,215.0597475,52.9393399,0.992,F356W,1.783353,0.04849137,36.77670892779478,0.029953490938170214,0.0011857109422379107,25.262051543216764,11.514657384578015,1.4558084827306859,nircam7
14097,9252.4941,4364.2607,215.0597475,52.9393399,0.992,F410M,1.695977,0.0001791131,9468.749075304933,0.03533328939362726,0.002728414555216157,12.950117615403206,9455.79895768953,731.1708940807268,nircam7
14097,9252.4941,4364.2607,215.0597475,52.9393399,0.992,F444W,2.140207,0.0001065844,20079.927268906147,0.04314197050518408,0.0019480339372919954,22.146416281205386,20057.780852624943,906.6896880262758,nircam7
14208,3172.7412,4402.1143,215.1139809,52.9780649,0.987,F606W,-0.01794092,0.04492154,-0.3993834583587294,0.003966678050658583,0.0034136630065558383,1.16200047955545,-1.5613839379141794,-0.3437033507176544,nircam7
14208,3172.7412,4402.1143,215.1139809,52.9780649,0.987,F814W,-0.107477,0.02740931,-3.9211859036217986,0.002258931187520639,0.0031476255651770335,0.7176619774955947,-4.638847881117393,-5.463833986726527,nircam7
14208,3172.7412,4402.1143,215.1139809,52.9780649,0.987,F115W,-0.2866979,0.06057721,-4.732768313364052,0.008174296255025092,0.0014254967044114984,5.734349458492622,-10.467117771856675,-0.8253365700192514,nircam7
14208,3172.7412,4402.1143,215.1139809,52.9780649,0.987,F150W,2.037084,0.0002752478,7400.9092897381925,0.02090774641661606,0.0021210447436274846,9.857286829724725,7391.052002908467,750.8059182594437,nircam7
14208,3172.7412,4402.1143,215.1139809,52.9780649,0.987,F200W,1.136715,0.000195307,5820.144695274618,0.01987955404080927,0.002079204012925838,9.561136818332189,5810.5835584562865,608.7293598931956,nircam7
14208,3172.7412,4402.1143,215.1139809,52.9780649,0.987,F277W,1.223434,0.0001434753,8527.140211590426,0.018586845811990903,0.001754773480014013,10.592162477770335,8516.548049112655,805.0424292004818,nircam7
14208,3172.7412,4402.1143,215.1139809,52.9780649,0.987,F356W,1.582841,0.05405808,29.280377697469092,0.018917025354280446,0.0015731169151981122,12.025187175549574,17.255190521919516,2.434920743437902,nircam7
14208,3172.7412,4402.1143,215.1139809,52.9780649,0.987,F410M,1.82363,0.0001996749,9132.995684485131,0.01852175559107363,0.0031411505971299433,5.896487614441944,9127.09919687069,1548.8874532893421,nircam7
14208,3172.7412,4402.1143,215.1139809,52.9780649,0.987,F444W,1.41094,0.0001188201,11874.590241886684,0.024214493740460218,0.003115114539406174,7.773227415604488,11866.81701447108,1527.6267638907425,nircam7
1398,842.7944,841.1067,215.0796287,52.9095632,0.997,F606W,-0.1415083,0.03221574,-4.392520550513507,-0.0007570536940755558,0.003687624689273317,-0.205295754819545,-4.187224795693962,,nircam8
1398,842.7944,841.1067,215.0796287,52.9095632,0.997,F814W,-0.01646656,0.01951891,-0.8436208784199528,-0.004144995967796301,0.003328790387254681,-1.245195847616816,0.4015749691968631,,nircam8
1398,842.7944,841.1067,215.0796287,52.9095632,0.997,F115W,0.4022804,0.04302568,9.349774367308083,0.00877022301256278,0.0014564030388664671,6.021837896870038,3.3279364704380443,1.552644645610238,nircam8
1398,842.7944,841.1067,215.0796287,52.9095632,0.997,F150W,1.275553,0.0001840091,6932.010427745148,0.028103969097790883,0.0016679376161598566,16.849532515787672,6915.160895229361,411.40669162482664,nircam8
1398,842.7944,841.1067,215.0796287,52.9095632,0.997,F200W,0.9653043,0.0001409529,6848.41745008439,0.021512009596613903,0.0013885020400789055,15.49296218202994,6832.92448790236,442.0340906807201,nircam8
1398,842.7944,841.1067,215.0796287,52.9095632,0.997,F277W,1.244758,9.111038e-05,13662.087678703569,0.026384415498216355,0.001521460157724391,17.34150931541898,13644.74616938815,787.8257555445938,nircam8
1398,842.7944,841.1067,215.0796287,52.9095632,0.997,F356W,1.17123,0.03846565,30.448725031294156,0.02489652250977976,0.0012072248336224734,20.622937680194763,9.825787351099393,1.4764494517449658,nircam8
1398,842.7944,841.1067,215.0796287,52.9095632,0.997,F410M,1.280562,0.0001258114,10178.425802431257,0.02662729051719863,0.0029249074333650383,9.103635285498436,10169.322167145758,1118.0616845058478,nircam8
1398,842.7944,841.1067,215.0796287,52.9095632,0.997,F444W,1.806852,7.607669e-05,23750.40239000934,0.04100595585142953,0.0021044755129829467,19.485119022984712,23730.917270986356,1218.8995285065125,nircam8
2080,9812.8047,1110.6442,214.9964008,52.8541553,0.997,F606W,0.01767584,0.03895007,0.4538076568283446,0.0018197867797782846,0.003752000098792287,0.48501778567757686,-0.031210128849232244,0.9356515786207072,nircam8
2080,9812.8047,1110.6442,214.9964008,52.8541553,0.997,F814W,0.108056,0.02359911,4.578816743512785,0.0044459537860272215,0.003040306277193939,1.4623374688850854,3.1164792746277,3.1311628409574737,nircam8
2080,9812.8047,1110.6442,214.9964008,52.8541553,0.997,F115W,0.154092,0.0520197,2.962185479731717,0.007864843319095446,0.0017080769909028279,4.604501647749715,-1.6423161680179983,0.6433237962200271,nircam8
2080,9812.8047,1110.6442,214.9964008,52.8541553,0.997,F150W,1.479581,0.0002224741,6650.576404174689,0.025241306763352175,0.002390364059390748,10.559607715063136,6640.016796459626,629.8128286231441,nircam8
2080,9812.8047,1110.6442,214.9964008,52.8541553,0.997,F200W,1.438833,0.0001704174,8442.993497142897,0.022779716246575335,0.0020846409685123697,10.927405049911915,8432.066092092986,772.6439587970573,nircam8
2080,9812.8047,1110.6442,214.9964008,52.8541553,0.997,F277W,1.234997,0.0001101559,11211.35590558472,0.021600533746791353,0.0019666758313783054,10.983271061836891,11200.372634522882,1020.7665678524811,nircam8
2080,9812.8047,1110.6442,214.9964008,52.8541553,0.997,F356W,1.15317,0.04650644,24.795920736999005,0.0226630605868609,0.001543546887372891,14.682456861050275,10.11346387594873,1.6888127764759724,nircam8
2080,9812.8047,1110.6442,214.9964008,52.8541553,0.997,F410M,1.379206,0.0001521108,9067.11423514964,0.02510719216411317,0.002816108820685755,8.915561777900075,9058.19867337174,1016.9986436104602,nircam8
2080,9812.8047,1110.6442,214.9964008,52.8541553,0.997,F444W,2.038927,9.197962e-05,22167.160507947305,0.03777256000194089,0.0020368454679255943,18.544637085507517,22148.6158708618,1195.3407556986251,nircam8
2288,9120.8135,1194.7028,215.0017125,52.8589986,1.0,F606W,0.1109941,0.02986396,3.716657134552819,0.008515841882404313,0.0037503368298865444,2.2706872125568345,1.4459699219959847,1.6367983727568522,nircam8
2288,9120.8135,1194.7028,215.0017125,52.8589986,1.0,F814W,0.03716469,0.01809401,2.0539775317909075,0.004703402452195925,0.003085011354498802,1.5245981008585463,0.5293794309323612,1.3472255610408093,nircam8
2288,9120.8135,1194.7028,215.0017125,52.8589986,1.0,F115W,0.4860364,0.03988476,12.186017917620665,0.011856863091708495,0.0013301023734354667,8.914248503356845,3.2717694142638205,1.367026947143303,nircam8
2288,9120.8135,1194.7028,215.0017125,52.8589986,1.0,F150W,0.9291258,0.0001705763,5446.980618057725,0.02171788364561821,0.0019099758566667683,11.370763441753446,5435.609854615972,479.0338525605423,nircam8
2288,9120.8135,1194.7028,215.0017125,52.8589986,1.0,F200W,0.9789469,0.0001306632,7492.139332267998,0.01752740134190486,0.0013179753366032861,13.29873242323096,7478.840599844767,563.3724398560207,nircam8
2288,9120.8135,1194.7028,215.0017125,52.8589986,1.0,F277W,0.6376945,8.445924e-05,7550.3224987579815,0.011886163854682722,0.001312055532068566,9.059192666901213,7541.26330609108,833.4431970239401,nircam8
2288,9120.8135,1194.7028,215.0017125,52.8589986,1.0,F356W,0.4400854,0.03565762,12.341973468784513,0.009277892444729997,0.0010399359850028521,8.921599577789927,3.420373890994586,1.3833812379911683,nircam8
2288,9120.8135,1194.7028,215.0017125,52.8589986,1.0,F410M,0.5333689,0.0001166271,4573.284425317958,0.007210936383311817,0.0026400323540743897,2.731381822720128,4570.553043495238,1674.3482684392754,nircam8
2288,9120.8135,1194.7028,215.0017125,52.8589986,1.0,F444W,0.7030037,7.052301e-05,9968.430162013789,0.01645062045029613,0.0021455219587716377,7.667421152713114,9960.762740861075,1300.102076496276,nircam8
4493,1784.5333,1792.387,215.0611824,52.9087432,0.254,F606W,0.5866958,0.05574239,10.525128183416605,0.03252001715059492,0.00323495147357735,10.05270632842998,0.47242185498662437,1.0469944947710819,nircam8
4493,1784.5333,1792.387,215.0611824,52.9087432,0.254,F814W,0.2273126,0.03377326,6.730549553107991,0.03699732729068183,0.002876262061041751,12.862989013345256,-6.132439460237265,0.5232492654798271,nircam8
4493,1784.5333,1792.387,215.0611824,52.9087432,0.254,F115W,2.204069,0.07444666,29.60601590454159,0.04013761251256265,0.0012840805238145856,31.257862546911664,-1.6518466423700744,0.9471542035258812,nircam8
4493,1784.5333,1792.387,215.0611824,52.9087432,0.254,F150W,4.430932,0.0003183881,13916.763848900133,0.06208853145109195,0.0017182959170452359,36.13378279909944,13880.630066101034,385.1455001618867,nircam8
4493,1784.5333,1792.387,215.0611824,52.9087432,0.254,F200W,3.302344,0.0002438885,13540.384232958913,0.04263246851180682,0.0015333958583432557,27.802650098369707,13512.581582860543,487.0177549640455,nircam8
4493,1784.5333,1792.387,215.0611824,52.9087432,0.254,F277W,3.884031,0.0001576469,24637.53489602396,0.03725873961234089,0.0021218702518613526,17.559386385504336,24619.975509638458,1403.0977139590022,nircam8
4493,1784.5333,1792.387,215.0611824,52.9087432,0.254,F356W,2.480144,0.06655651,37.26373272877439,0.03602188372390681,0.0013257837974613783,27.170254903462997,10.093477825311396,1.3714899937882044,nircam8
4493,1784.5333,1792.387,215.0611824,52.9087432,0.254,F410M,3.906717,0.0002176895,17946.28128596005,0.03802417412706817,0.0032929692700465435,11.547078338368681,17934.73420762168,1554.183730297219,nircam8
4493,1784.5333,1792.387,215.0611824,52.9087432,0.254,F444W,2.810095,0.0001316343,21347.74143213433,0.03050386517590363,0.0024989852461696905,12.206500707700577,21335.53493142663,1748.882988116891,nircam8
6986,9195.8779,2493.7566,214.9873926,52.8655437,0.999,F606W,0.01593669,0.03255874,0.48947502268208165,0.003729586790135277,0.0030079682285745835,1.239902321675337,-0.7504272989932554,0.39476901859552166,nircam8
6986,9195.8779,2493.7566,214.9873926,52.8655437,0.999,F814W,0.04999712,0.01972672,2.534487233559355,0.004994823664475793,0.0027213575484282978,1.8354161757834873,0.6990710577758676,1.3808787712560362,nircam8
6986,9195.8779,2493.7566,214.9873926,52.8655437,0.999,F115W,0.5824473,0.04348376,13.394593751782274,0.011910234188442163,0.0014085280672501567,8.455801815645955,4.938791936136319,1.5840713919049005,nircam8
6986,9195.8779,2493.7566,214.9873926,52.8655437,0.999,F150W,1.976388,0.0001859682,10627.558905232185,0.032275892922087865,0.002078668004539562,15.527199558371601,10612.031705673813,684.4478854850719,nircam8
6986,9195.8779,2493.7566,214.9873926,52.8655437,0.999,F200W,0.9588141,0.0001424535,6730.716339015889,0.020744062013051703,0.0016605087678213963,12.49259408624991,6718.22374492964,538.7765177149328,nircam8
6986,9195.8779,2493.7566,214.9873926,52.8655437,0.999,F277W,0.8733368,9.20804e-05,9484.502673750332,0.01986333470431545,0.0013399479889076886,14.823959488537932,9469.678714261794,639.8089984719579,nircam8
6986,9195.8779,2493.7566,214.9873926,52.8655437,0.999,F356W,1.029939,0.03887518,26.49348504624287,0.021917148460599306,0.0011424933620230709,19.18361120434827,7.3098738418946,1.3810478519413332,nircam8
6986,9195.8779,2493.7566,214.9873926,52.8655437,0.999,F410M,0.9976093,0.0001271509,7845.868963570057,0.022112211158052265,0.0030610528071440928,7.223727439933505,7838.6452361301235,1086.1247228400798,nircam8
6986,9195.8779,2493.7566,214.9873926,52.8655437,0.999,F444W,0.95559,7.688664e-05,12428.557158955055,0.020119724030852718,0.002190173339307233,9.186361494664494,12419.37079746039,1352.9357805235131,nircam8
8954,7877.9414,2968.9441,214.9941994,52.8764717,0.993,F606W,0.09855289,0.03620506,2.7220750359203936,-0.0005974810831214754,0.002874143859851198,-0.20788141173713154,2.929956447657525,,nircam8
8954,7877.9414,2968.9441,214.9941994,52.8764717,0.993,F814W,0.01511897,0.02193596,0.6892322013716291,-0.004195034866701173,0.0028228589657094006,-1.4860943878742225,2.1753265892458518,,nircam8
8954,7877.9414,2968.9441,214.9941994,52.8764717,0.993,F115W,0.01281601,0.04835361,0.26504763553331384,0.005303090227386913,0.0019191812657886897,2.763204456983693,-2.498156821450379,0.09592038506721257,nircam8
8954,7877.9414,2968.9441,214.9941994,52.8764717,0.993,F150W,1.638179,0.0002067952,7921.745765859169,0.020737162378558837,0.001961780572133721,10.57058198716086,7911.175183872008,749.4143440239151,nircam8
8954,7877.9414,2968.9441,214.9941994,52.8764717,0.993,F200W,1.031771,0.0001584072,6513.409744001536,0.01811835992441004,0.001906840660980754,9.501769232826796,6503.907974768709,685.4944152399482,nircam8
8954,7877.9414,2968.9441,214.9941994,52.8764717,0.993,F277W,1.273928,0.0001023927,12441.590074292406,0.01944645836547272,0.0018926624988892687,10.27465719687747,12431.315417095528,1210.9007469439935,nircam8
8954,7877.9414,2968.9441,214.9941994,52.8764717,0.993,F356W,1.31296,0.0432289,30.372274103666758,0.019622868535478403,0.0016220402860466427,12.09764560367654,18.274628499990218,2.510593804668609,nircam8
8954,7877.9414,2968.9441,214.9941994,52.8764717,0.993,F410M,0.4464407,0.0001413908,3157.4946884804385,0.010457534450535452,0.0031722771903727794,3.2965386764662172,3154.1981498039722,957.8212174550218,nircam8
8954,7877.9414,2968.9441,214.9941994,52.8764717,0.993,F444W,2.12344,8.549736e-05,24836.32243147625,0.045452691570379525,0.00235616104433359,19.29099527372724,24817.03143620252,1287.4567682519362,nircam8
9454,8978.2744,3107.9836,214.982886,52.8702434,0.997,F606W,0.0985546,0.02856017,3.4507707762243713,0.0023985391226294074,0.0027237830117443525,0.8805911162113262,2.570179660013045,3.9186981479793257,nircam8
9454,8978.2744,3107.9836,214.982886,52.8702434,0.997,F814W,0.09466106,0.01730407,5.470450593415306,0.0031985994679629387,0.004062119742449389,0.7874212654386791,4.683029327976627,6.947298521799092,nircam8
9454,8978.2744,3107.9836,214.982886,52.8702434,0.997,F115W,0.1391508,0.03814349,3.648087786408637,0.0046568605703517394,0.001335332334366043,3.4874169152524956,0.16067087115614154,1.0460715982805022,nircam8
9454,8978.2744,3107.9836,214.982886,52.8702434,0.997,F150W,1.049836,0.0001631293,6435.606601634409,0.017784276475451475,0.0020898004913021467,8.510035550987052,6427.096566083423,756.2373345065479,nircam8
9454,8978.2744,3107.9836,214.982886,52.8702434,0.997,F200W,1.049135,0.0001249587,8395.853990158348,0.016825525477903426,0.001730118922876586,9.725068754192012,8386.128921404155,863.3207849085177,nircam8
9454,8978.2744,3107.9836,214.982886,52.8702434,0.997,F277W,0.8162817,8.077195e-05,10106.004621653929,0.01813899650387999,0.0015604378726625534,11.624299064806518,10094.380322589122,869.3861509680746,nircam8
9454,8978.2744,3107.9836,214.982886,52.8702434,0.997,F356W,0.6980169,0.03410089,20.46916957299355,0.014722638856687037,0.0011339709692081243,12.98325905730035,7.485910515693201,1.5765817721617403,nircam8
9454,8978.2744,3107.9836,214.982886,52.8702434,0.997,F410M,0.6111374,0.0001115354,5479.31329425456,0.014477665698653174,0.002680316693742054,5.40147577801359,5473.911818476547,1014.4104166046255,nircam8
9454,8978.2744,3107.9836,214.982886,52.8702434,0.997,F444W,0.847904,6.744415e-05,12571.942859388102,0.01964249121930454,0.0023639990628770893,8.309009731754623,12563.633849656348,1513.0494806549314,nircam8
11712,8255.791,3633.8535,214.9838275,52.8776683,0.969,F606W,0.1138498,0.02581689,4.4098960021908145,0.005769131588524213,0.0036620387108572236,1.5753879311597319,2.834508071031083,2.7992445003336046,nircam8
11712,8255.791,3633.8535,214.9838275,52.8776683,0.969,F814W,0.03938834,0.01564196,2.51812049129393,0.00016817775816159485,0.0042155497909476996,0.03989462027532754,2.4782258710186027,63.11929964279516,nircam8
11712,8255.791,3633.8535,214.9838275,52.8776683,0.969,F115W,0.0364918,0.0344797,1.0583560761839574,0.0038034926457286276,0.002692599683585156,1.4125726408258112,-0.3542165646418538,0.7492401067354855,nircam8
11712,8255.791,3633.8535,214.9838275,52.8776683,0.969,F150W,0.7344884,0.0001474603,4980.9230009704315,0.018564608370019,0.0030033666819390538,6.1812660044670915,4974.7417349659645,805.8095214428253,nircam8
11712,8255.791,3633.8535,214.9838275,52.8776683,0.969,F200W,0.8017372,0.0001129561,7097.776923955413,0.015656467162648995,0.0031185164171037313,5.020485727373425,7092.756438228039,1413.7629921455361,nircam8
11712,8255.791,3633.8535,214.9838275,52.8776683,0.969,F277W,0.885862,7.301358e-05,12132.83884997832,0.020186805460181808,0.0021630102481184446,9.33273685491868,12123.506113123402,1300.030102486377,nircam8
11712,8255.791,3633.8535,214.9838275,52.8776683,0.969,F356W,0.9951382,0.03082541,32.28304830333157,0.024113683652957487,0.0017967586096719267,13.420658469732029,18.86238983359954,2.405474245257071,nircam8
11712,8255.791,3633.8535,214.9838275,52.8776683,0.969,F410M,1.508765,0.0001008221,14964.625811206075,0.0358036735677409,0.003481253301566023,10.284707967568693,14954.341103238507,1455.0365317512965,nircam8
11712,8255.791,3633.8535,214.9838275,52.8776683,0.969,F444W,1.728184,6.096595e-05,28346.70828552659,0.042991189302027256,0.0025895259302414855,16.60195358538778,28330.106331941202,1707.4320886233513,nircam8
14604,9364.9355,4539.0454,214.9643826,52.8755223,0.997,F606W,0.0430273,0.02954341,1.4564093989150202,0.0007954570869502476,0.002550532660310945,0.31187880842634275,1.1445305904886776,4.669792751433397,nircam8
14604,9364.9355,4539.0454,214.9643826,52.8755223,0.997,F814W,-0.002812071,0.01789979,-0.1571007816292817,-0.0023042027758127265,0.003004810692565818,-0.7668379181136232,0.6097371364843416,,nircam8
14604,9364.9355,4539.0454,214.9643826,52.8755223,0.997,F115W,0.6178507,0.03945665,15.658975103056138,0.008254292054020068,0.0015485272791317126,5.33041436547918,10.328560737576957,2.9376656352396853,nircam8
14604,9364.9355,4539.0454,214.9643826,52.8755223,0.997,F150W,1.217543,0.0001687453,7215.270588277125,0.0174339808532236,0.002504886232575808,6.959989091119722,7208.310599186006,1036.6784335169602,nircam8
14604,9364.9355,4539.0454,214.9643826,52.8755223,0.997,F200W,0.9890509,0.0001292607,7651.597894797104,0.01924938502207653,0.0018149923461552961,10.605766499705942,7640.992128297398,721.4563789434036,nircam8
14604,9364.9355,4539.0454,214.9643826,52.8755223,0.997,F277W,0.7258509,8.355267e-05,8687.34535951993,0.016446871993984084,0.0013926020171755383,11.810173898312648,8675.535185621617,735.5814939152687,nircam8
14604,9364.9355,4539.0454,214.9643826,52.8755223,0.997,F356W,0.515236,0.03527488,14.606314748625651,0.015025006033577266,0.0011241972735560855,13.36509737837189,1.2412173702537608,1.0928700581158777,nircam8
14604,9364.9355,4539.0454,214.9643826,52.8755223,0.997,F410M,0.8488971,0.0001153752,7357.708589020864,0.021529885467723175,0.0035088540244668067,6.1358737974272906,7351.572715223437,1199.1297135390685,nircam8
14604,9364.9355,4539.0454,214.9643826,52.8755223,0.997,F444W,0.9987316,6.976604e-05,14315.440578252686,0.022507630961430672,0.0024113116233741424,9.334185902498906,14306.106392350188,1533.6571103024874,nircam8
2646,9788.3516,1305.5209,214.9017082,52.7926649,1.0,F606W,0.01351839,0.02296781,0.5885798428322073,-0.00033122920569732706,0.0028878224778561504,-0.11469860361472899,0.7032784464469363,,nircam9
2646,9788.3516,1305.5209,214.9017082,52.7926649,1.0,F814W,0.02039718,0.01368041,1.4909772441030642,0.002533740247498676,0.0028880162360898757,0.8773289484442586,0.6136482956588056,1.6994506413437855,nircam9
2646,9788.3516,1305.5209,214.9017082,52.7926649,1.0,F115W,0.001295006,0.02504851,0.051699921472375,0.0026035427148241095,0.0012590721692858349,2.067826434683946,-2.016126513211571,0.025002060426931823,nircam9
2646,9788.3516,1305.5209,214.9017082,52.7926649,1.0,F150W,0.5039122,0.0001078952,4670.385707612572,0.01199328439746893,0.0020454524487771887,5.863389493429069,4664.522318119143,796.533423687193,nircam9
2646,9788.3516,1305.5209,214.9017082,52.7926649,1.0,F200W,0.6792992,0.0001063477,6387.530712935024,0.014084986357789606,0.0015330478088115378,9.187571500923175,6378.343141434101,695.2360275284061,nircam9
2646,9788.3516,1305.5209,214.9017082,52.7926649,1.0,F277W,0.4657413,6.027959e-05,7726.351489782861,0.013416315657394994,0.0012664550071485306,10.593598336827075,7715.757891446034,729.3415555433459,nircam9
2646,9788.3516,1305.5209,214.9017082,52.7926649,1.0,F356W,0.4042385,0.02681728,15.073806888692664,0.010565250874409314,0.0011757660684004571,8.985844342984448,6.087962545708216,1.6775058985371023,nircam9
2646,9788.3516,1305.5209,214.9017082,52.7926649,1.0,F410M,0.4611532,9.231408e-05,4995.480646072625,0.01267594897317636,0.0026448743367257564,4.792646968955301,4990.687999103669,1042.3218481209221,nircam9
2646,9788.3516,1305.5209,214.9017082,52.7926649,1.0,F444W,0.3095598,4.315625e-05,7173.000434467776,0.011684121703080905,0.001676399006425716,6.969773698442387,7166.030660769334,1029.1582976461355,nircam9
3096,2988.968,1432.7687,214.9611133,52.8365116,0.999,F606W,0.102255,0.03875836,2.638269524303918,0.010569257207911843,0.004467064975302782,2.3660406254098527,0.2722288988940651,1.1150567306285828,nircam9
3096,2988.968,1432.7687,214.9611133,52.8365116,0.999,F814W,0.09305961,0.02308579,4.031034242276309,0.008681427434466723,0.0032804565966865406,2.6464082601292422,1.384625982147067,1.5232095149519547,nircam9
3096,2988.968,1432.7687,214.9611133,52.8365116,0.999,F115W,0.5354052,0.04226955,12.666451381668363,0.004813328272613046,0.0017239857690144972,2.7919768011568604,9.874474580511503,4.536732316837302,nircam9
3096,2988.968,1432.7687,214.9611133,52.8365116,0.999,F150W,2.004498,0.000182074,11009.248986675746,0.026239290383049837,0.002860996051981511,9.171382940174503,11000.077603735572,1200.3913759233212,nircam9
3096,2988.968,1432.7687,214.9611133,52.8365116,0.999,F200W,0.9076765,0.0001794625,5057.750226370412,0.01836943866824585,0.002765416781422593,6.642557024911158,5051.107669345501,761.4161545625659,nircam9
3096,2988.968,1432.7687,214.9611133,52.8365116,0.999,F277W,1.116614,0.0001017223,10977.081721510427,0.02158059208141772,0.0019273817611864068,11.196843570904036,10965.884877939523,980.3728749087217,nircam9
3096,2988.968,1432.7687,214.9611133,52.8365116,0.999,F356W,1.046152,0.04525436,23.117153794684093,0.016829687826050904,0.0013067306049577808,12.879232920847258,10.237920873836835,1.7949169750059413,nircam9
3096,2988.968,1432.7687,214.9611133,52.8365116,0.999,F410M,1.090705,0.0001557807,7001.541269232967,0.01689407930015272,0.0031416596887500607,5.377437715691667,6996.163831517276,1302.0218251532833,nircam9
3096,2988.968,1432.7687,214.9611133,52.8365116,0.999,F444W,1.794502,7.28265e-05,24640.783231378686,0.026061589674614763,0.0024944324887628457,10.447903397674407,24630.33532798101,2358.4428658541638,nircam9
5572,9066.3271,2100.5781,214.8998029,52.8015402,0.995,F606W,0.08836905,0.02465504,3.584218480278272,0.008361254169289577,0.0033457591215030258,2.499060412195312,1.08515806808296,1.4342264247744605,nircam9
5572,9066.3271,2100.5781,214.8998029,52.8015402,0.995,F814W,0.009174693,0.01468538,0.6247501256351555,0.002094288284987972,0.0032002303451937105,0.6544179821722191,-0.029667856537063608,0.9546652791560117,nircam9
5572,9066.3271,2100.5781,214.8998029,52.8015402,0.995,F115W,0.08275271,0.02688859,3.077614333812223,0.005671235057788922,0.001203351480233043,4.712866648645848,-1.6352523148336253,0.6530238522018263,nircam9
5572,9066.3271,2100.5781,214.8998029,52.8015402,0.995,F150W,0.3410793,0.0001158213,2944.875424468556,0.007514786642668005,0.0019954851851861546,3.765894479425547,2941.1095299891304,781.9856452583796,nircam9
5572,9066.3271,2100.5781,214.8998029,52.8015402,0.995,F200W,0.4046552,0.00011416,3544.6320953048353,0.010690177578002108,0.0017595012582063906,6.0756862367347875,3538.5564090681005,583.4126314610021,nircam9
5572,9066.3271,2100.5781,214.8998029,52.8015402,0.995,F277W,0.8486004,6.470777e-05,13114.350873164072,0.02189684382223545,0.001504831313277541,14.551028828968116,13099.799844335104,901.2662284783662,nircam9
5572,9066.3271,2100.5781,214.8998029,52.8015402,0.995,F356W,1.300446,0.0287873,45.174295609522254,0.0362939479453568,0.0013396878492406207,27.091346664022822,18.08294894549943,1.6674806228630008,nircam9
5572,9066.3271,2100.5781,214.8998029,52.8015402,0.995,F410M,2.023416,9.909553e-05,20418.842302977744,0.06300384789446362,0.003378125241664411,18.650536432871107,20400.191766544875,1094.8126010461576,nircam9
5572,9066.3271,2100.5781,214.8998029,52.8015402,0.995,F444W,3.061687,4.632654e-05,66089.26546208718,0.09692768987532269,0.0015176906437112917,63.86524834751575,66025.40021373966,1034.8235882912359,nircam9
9061,1851.1987,3038.0452,214.9544234,52.8524025,0.999,F606W,-0.08050729,0.02695646,-2.9865675982677247,-0.002356244947979769,0.0031752937532272653,-0.7420557375471035,-2.244511860720621,,nircam9
9061,1851.1987,3038.0452,214.9544234,52.8524025,0.999,F814W,0.01006267,0.01605618,0.6267163173307723,0.0006322243793293741,0.002601208499180867,0.24305025126915608,0.3836660660616162,2.578546263820731,nircam9
9061,1851.1987,3038.0452,214.9544234,52.8524025,0.999,F115W,0.2009289,0.02939849,6.834667358765706,0.002163289812060293,0.0011386472440546378,1.8998770895514394,4.9347902692142664,3.597426063166733,nircam9
9061,1851.1987,3038.0452,214.9544234,52.8524025,0.999,F150W,0.3676011,0.0001266326,2902.894673251596,0.009125766383384642,0.0019068800362394527,4.785705555647598,2898.1089676959486,606.5761128630025,nircam9
9061,1851.1987,3038.0452,214.9544234,52.8524025,0.999,F200W,0.5240861,0.0001248162,4198.862807872696,0.0105883960306081,0.0014290252058761948,7.409523629862017,4191.453284242834,566.6845829265395,nircam9
9061,1851.1987,3038.0452,214.9544234,52.8524025,0.999,F277W,0.5848415,7.074788e-05,8266.558658718819,0.01649563564453317,0.001681449178664958,9.810368254858838,8256.74829046396,842.6348985038958,nircam9
9061,1851.1987,3038.0452,214.9544234,52.8524025,0.999,F356W,0.4358127,0.03147443,13.846563702662765,0.009794935194391133,0.0012414895500684894,7.889663826691715,5.95689987597105,1.755025816919869,nircam9
9061,1851.1987,3038.0452,214.9544234,52.8524025,0.999,F410M,1.127326,0.0001083456,10404.907998109753,0.02621897790356726,0.0030948772509863205,8.47173434591353,10396.436263763839,1228.1910141727612,nircam9
9061,1851.1987,3038.0452,214.9544234,52.8524025,0.999,F444W,0.6535633,5.065087e-05,12903.298600794024,0.029489195346209765,0.0029380223045920428,10.037090358408449,12893.261510435615,1285.5616657853882,nircam9
8076,9368.7188,2791.4448,214.889847,52.8033479,1.0,F606W,0.01871944,0.007706472,2.429054436323132,0.006577794079059778,0.0030501977034095734,2.15651400947125,0.27254042685188207,1.1263800864056086,nircam9
8076,9368.7188,2791.4448,214.889847,52.8033479,1.0,F814W,-0.003953164,0.004590236,-0.86121149326527,-0.001959131456609685,0.0034843148984895,-0.5622716412511959,-0.29893985201407414,,nircam9
8076,9368.7188,2791.4448,214.889847,52.8033479,1.0,F115W,0.02592176,0.008404616,3.0842289522805086,0.0013281433541457233,0.0012944402351875465,1.026036828925743,2.0581921233547655,3.005963202616894,nircam9
8076,9368.7188,2791.4448,214.889847,52.8033479,1.0,F150W,0.003055543,3.620247e-05,84.40150630606144,-0.0026653180491822267,0.002401495385670079,-1.1098576599756966,85.51136396603714,,nircam9
8076,9368.7188,2791.4448,214.889847,52.8033479,1.0,F200W,0.03129892,3.568321e-05,877.132970940675,0.0018172382617147194,0.0019091818089960215,0.951841387316773,876.1811295533582,921.5116957808486,nircam9
8076,9368.7188,2791.4448,214.889847,52.8033479,1.0,F277W,-0.02804041,2.022583e-05,-1386.3663444219594,-0.0024804688919668623,0.001427551446670231,-1.7375688265053881,-1384.628775595454,,nircam9
8076,9368.7188,2791.4448,214.889847,52.8033479,1.0,F356W,-0.005291792,0.008998098,-0.5881011742703848,-0.0004618011177452271,0.0012673251604454067,-0.3643903965284846,-0.22371077774190018,,nircam9
8076,9368.7188,2791.4448,214.889847,52.8033479,1.0,F410M,0.77124,3.097447e-05,24899.21538609055,0.023655488456482264,0.0035232422138190894,6.714124951074658,24892.501261139474,3708.482574800041,nircam9
8076,9368.7188,2791.4448,214.889847,52.8033479,1.0,F444W,0.03240791,1.448037e-05,2238.058143541912,-0.004848427741480907,0.001995070863019565,-2.430203273152288,2240.4883468150642,,nircam9
1424,9905.543,798.6576,214.8041837,52.7251893,0.0,F606W,-0.1197709,0.04150927,-2.8854012609713444,0.002904645028010276,0.0047529139499488515,0.6111293111127194,-3.4965305720840636,-4.721425087135361,nircam10
1424,9905.543,798.6576,214.8041837,52.7251893,0.0,F814W,0.001720569,0.0282407,0.06092515412153381,0.009726438989428056,0.006379961463154726,1.5245294263295726,-1.4636042722080387,0.039963252312037054,nircam10
1424,9905.543,798.6576,214.8041837,52.7251893,0.0,F115W,0.4932896,0.05316361,9.278707747649191,0.01057157843969845,0.0015949772520034585,6.62804339461233,2.650664353036861,1.3999165659041217,nircam10
1424,9905.543,798.6576,214.8041837,52.7251893,0.0,F150W,1.552422,0.06472031,23.986627999773177,0.028839625139009215,0.0021247947394271204,13.572899350637913,10.413728649135264,1.7672442254311589,nircam10
1424,9905.543,798.6576,214.8041837,52.7251893,0.0,F200W,1.32886,0.054989,24.165924093909688,0.017867816750372915,0.0017061535934643013,10.472572234304398,13.69335185960529,2.30754427405626,nircam10
1424,9905.543,798.6576,214.8041837,52.7251893,0.0,F277W,0.8071337,0.04947781,16.31304417071006,0.017800039263379537,0.0016264261096917939,10.944265563194032,5.368778607516029,1.4905563170516831,nircam10
1424,9905.543,798.6576,214.8041837,52.7251893,0.0,F356W,0.6590039,0.04962536,13.279579231264014,0.017288314099859085,0.0013062311550857636,13.235263936668224,0.04431529459579053,1.0033482743379991,nircam10
1424,9905.543,798.6576,214.8041837,52.7251893,0.0,F410M,1.258733,0.111033,11.336566606324245,0.02013093796986363,0.0025194660185175115,7.990160542712519,3.3464060636117265,1.4188158730632565,nircam10
1424,9905.543,798.6576,214.8041837,52.7251893,0.0,F444W,0.8775737,0.09181431,9.55813641686138,0.014888716491619085,0.0022435670499883157,6.636180760319432,2.9219556565419484,1.4403068213592936,nircam10
1935,2762.9929,1035.684,214.865305,52.7718567,0.0,F606W,-0.09517991,0.03349853,-2.8413160219269327,-0.001625142409692395,0.002822027421270276,-0.5758776110548464,-2.265438410872086,,nircam10
1935,2762.9929,1035.684,214.865305,52.7718567,0.0,F814W,-0.02644206,0.02279061,-1.1602173000196134,-0.0011888559237285762,0.0027066638100341246,-0.4392329477053109,-0.7209843523143025,,nircam10
1935,2762.9929,1035.684,214.865305,52.7718567,0.0,F115W,0.3651183,0.04290373,8.510176154847143,0.007719100066582884,0.001902447890672489,4.057456766321357,4.452719388525786,2.097416348458788,nircam10
1935,2762.9929,1035.684,214.865305,52.7718567,0.0,F150W,0.961935,0.05223014,18.417239547893228,0.017668313689678524,0.0020417307911040987,8.653596138462554,9.763643409430674,2.1282758350640267,nircam10
1935,2762.9929,1035.684,214.865305,52.7718567,0.0,F200W,1.017412,0.04437685,22.92663855140687,0.019740347289849986,0.002350192313175926,8.399460409762774,14.527178141644097,2.729537069400198,nircam10
1935,2762.9929,1035.684,214.865305,52.7718567,0.0,F277W,0.5805469,0.03992924,14.539392685660934,0.01590351718965545,0.002045180818059447,7.776093462848615,6.763299222812319,1.8697553926177632,nircam10
1935,2762.9929,1035.684,214.865305,52.7718567,0.0,F356W,0.7855161,0.04004831,19.61421343372542,0.018133791681305675,0.0020481564476839006,8.853714129998105,10.760499303727316,2.2153655681369533,nircam10
1935,2762.9929,1035.684,214.865305,52.7718567,0.0,F410M,0.4701043,0.08960506,5.246403495516883,0.012776116351176814,0.0029802706957388616,4.286897955089744,0.9595055404271386,1.223822808585387,nircam10
1935,2762.9929,1035.684,214.865305,52.7718567,0.0,F444W,1.207932,0.07409535,16.302399543291177,0.021545561662650446,0.0032285345442018385,6.673480295059678,9.6289192482315,2.4428632171671665,nircam10
7847,9867.1191,2995.8438,214.7814564,52.7372699,0.015,F606W,0.2140628,0.04464985,4.794255747779668,0.00660301647973644,0.0036615041700152574,1.8033617259840307,2.9908940217956372,2.658510313655244,nircam10
7847,9867.1191,2995.8438,214.7814564,52.7372699,0.015,F814W,0.1312588,0.03037738,4.320938803807307,0.004006936478397534,0.006181961852244444,0.6481658370219096,3.672772966785397,6.666409361623372,nircam10
7847,9867.1191,2995.8438,214.7814564,52.7372699,0.015,F115W,2.366275,0.05718595,41.37860785734958,0.030664909560301386,0.0018116014616705717,16.92696225362044,24.451645603729137,2.4445383192426786,nircam10
7847,9867.1191,2995.8438,214.7814564,52.7372699,0.015,F150W,4.468605,0.06961703,64.18838896172389,0.06254290270267229,0.0023155756284146357,27.009656663856166,37.178732297867725,2.3764977748724823,nircam10
7847,9867.1191,2995.8438,214.7814564,52.7372699,0.015,F200W,2.751224,0.05914946,46.5130873553199,0.04012142234407737,0.001828470315383464,21.942616189349057,24.57047116597084,2.119760330944372,nircam10
7847,9867.1191,2995.8438,214.7814564,52.7372699,0.015,F277W,1.879681,0.05322129,35.3182156990182,0.026434359786682255,0.0014430578771721038,18.3182949241679,16.999920774850295,1.9280296471491878,nircam10
7847,9867.1191,2995.8438,214.7814564,52.7372699,0.015,F356W,1.850458,0.05338,34.66575496440615,0.029512451929337036,0.0015370098504880294,19.20121196358389,15.464543000822257,1.8053941089839316,nircam10
7847,9867.1191,2995.8438,214.7814564,52.7372699,0.015,F410M,1.857731,0.1194337,15.554495925354402,0.02409655868555408,0.0028742247457139883,8.383672404702033,7.17082352065237,1.8553320280776442,nircam10
7847,9867.1191,2995.8438,214.7814564,52.7372699,0.015,F444W,1.71262,0.09876096,17.341062703319206,0.026258597174361353,0.0019651653388586187,13.36202947158254,3.9790332317366666,1.297786592987166,nircam10
9562,797.4572,3594.7715,214.855951,52.7981449,0.0,F606W,0.08372824,0.02451261,3.415721132918934,0.005653098827134158,0.0026569951626018496,2.127628573323554,1.28809255959538,1.6054123241930613,nircam10
9562,797.4572,3594.7715,214.855951,52.7981449,0.0,F814W,0.01177921,0.01667708,0.7063112967018207,0.0016448444205001674,0.0035874669041536327,0.4584974480449527,0.247813848656868,1.5404912278433696,nircam10
9562,797.4572,3594.7715,214.855951,52.7981449,0.0,F115W,0.3568916,0.03139489,11.367824509020416,0.009217548045226094,0.0021487118157862838,4.289801907126895,7.078022601893521,2.6499649063362094,nircam10
9562,797.4572,3594.7715,214.855951,52.7981449,0.0,F150W,1.486706,0.03821951,38.89913816268184,0.030737095122543207,0.002872001459546656,10.702325731893968,28.19681243078787,3.6346434538764445,nircam10
9562,797.4572,3594.7715,214.855951,52.7981449,0.0,F200W,1.406652,0.03247285,43.31778701284304,0.029170520591275645,0.002987779874516893,9.7632763511376,33.55451066170544,4.436808449839251,nircam10
9562,797.4572,3594.7715,214.855951,52.7981449,0.0,F277W,1.00292,0.0292183,34.32506340204598,0.02413676029219317,0.003524488222920164,6.848302154970744,27.47676124707523,5.0122004878437805,nircam10
9562,797.4572,3594.7715,214.855951,52.7981449,0.0,F356W,0.906874,0.02930543,30.94559608918893,0.024060869650937948,0.0025580244517006876,9.406035831651733,21.539560257537197,3.2899721671328965,nircam10
9562,797.4572,3594.7715,214.855951,52.7981449,0.0,F410M,1.020798,0.06556868,15.568378073189821,0.02582195382616817,0.0035844616326357282,7.203858339859187,8.364519733330635,2.1611166320483384,nircam10
9562,797.4572,3594.7715,214.855951,52.7981449,0.0,F444W,0.7044092,0.05421942,12.991824700448658,0.02410577899110976,0.003304897233985834,7.29395720484696,5.697867495601699,1.7811764362718454,nircam10
10415,6457.4668,4542.7227,214.7955514,52.767282,0.0,F606W,0.02168682,0.01913353,1.1334458408876982,0.0012480188703423729,0.003052369047994466,0.4088689312199563,0.7245769096677419,2.7721495920607047,nircam10
10415,6457.4668,4542.7227,214.7955514,52.767282,0.0,F814W,0.05729599,0.01301743,4.401482473883093,0.007859592306014832,0.004239936334783053,1.853705264755346,2.547777209127747,2.3744241102233725,nircam10
10415,6457.4668,4542.7227,214.7955514,52.767282,0.0,F115W,0.3769386,0.02450555,15.381764539053398,0.009974509846733629,0.0026082730187951494,3.8241816615275943,11.557582877525803,4.022236886337939,nircam10
10415,6457.4668,4542.7227,214.7955514,52.767282,0.0,F150W,0.9783339,0.02983256,32.794165167186456,0.024990730032489698,0.002808745741661727,8.897469664770915,23.89669550241554,3.685785555081273,nircam10
10415,6457.4668,4542.7227,214.7955514,52.767282,0.0,F200W,0.7622065,0.02534696,30.07092369262428,0.018918705599852245,0.002084889732111601,9.074199612797344,20.996724079826937,3.313892682084628,nircam10
10415,6457.4668,4542.7227,214.7955514,52.767282,0.0,F277W,0.5546992,0.02280659,24.321882403287816,0.016199559894171812,0.0015731359127632827,10.297622578405555,14.024259824882261,2.3618929726839655,nircam10
10415,6457.4668,4542.7227,214.7955514,52.767282,0.0,F356W,0.6029068,0.0228746,26.35704230893655,0.01827540016231681,0.0012908906681626145,14.157202165175653,12.199840143760897,1.8617409005976098,nircam10
10415,6457.4668,4542.7227,214.7955514,52.767282,0.0,F410M,0.41925,0.05118019,8.191646025542305,0.012117855505731816,0.0030948792819940098,3.915453367190582,4.276192658351723,2.0921321893867884,nircam10
10415,6457.4668,4542.7227,214.7955514,52.767282,0.0,F444W,0.5344511,0.04232143,12.628379995666497,0.01823158152038363,0.0021752987586432094,8.381185089148463,4.247194906518034,1.5067535033938206,nircam10
