NUMBER,FILTER,REDSHIFT_BIN,SEX_SNR,NMAD_SNR,SNR_RATIO
377,F606W,z10-15,0.8620580250615039,0.0,
377,F814W,z10-15,-5.254367945025903,0.0,
377,F115W,z10-15,2.8983498704760864,0.0,
377,F150W,z10-15,3.1930194098584033,0.0,
377,F200W,z10-15,5.098561471615371,0.0,
377,F277W,z10-15,7.1185059770324814,0.0,
377,F356W,z10-15,28.28729363454549,0.0,
377,F410M,z10-15,15.854447916534943,0.0,
377,F444W,z10-15,0.0025600809751507225,0.0,
538,F606W,z10-15,3.9343237901644925,0.0,
538,F814W,z10-15,1.299785522061556,0.0,
538,F115W,z10-15,8.739975250145987,0.0,
538,F150W,z10-15,7.128824274782771,0.0,
538,F200W,z10-15,31.641643895542863,0.0,
538,F277W,z10-15,14.381254895977778,0.0,
538,F356W,z10-15,11.900696523123745,0.0,
538,F410M,z10-15,-3.2069194943446444,0.0,
538,F444W,z10-15,9.928797728452151,0.0,
611,F606W,z10-15,-2.012098953617836,0.0,
611,F814W,z10-15,0.11264457786296254,0.0,
611,F115W,z10-15,-2.957085098720067,0.0,
611,F150W,z10-15,-1.3757767581149105,0.0,
611,F200W,z10-15,-0.6739369222853094,0.0,
611,F277W,z10-15,4.4115378210294,0.0,
611,F356W,z10-15,1.2149393199248524,0.0,
611,F410M,z10-15,8.868801479350948,0.0,
611,F444W,z10-15,11.102827532393903,0.0,
1597,F606W,z10-15,2.5908490410647325,0.0,
1597,F814W,z10-15,-0.09374237173706806,0.0,
1597,F115W,z10-15,6.87481537187799,0.0,
1597,F150W,z10-15,3.5666230571426296,0.0,
1597,F200W,z10-15,29.323906888334786,0.0,
1597,F277W,z10-15,68.61390035876896,0.0,
1597,F356W,z10-15,54.37851035111829,0.0,
1597,F410M,z10-15,18.5080786889409,0.0,
1597,F444W,z10-15,25.209202336341473,0.0,
4164,F606W,z10-15,1.0191724105052193,0.0,
4164,F814W,z10-15,0.7931302260045532,0.0,
4164,F115W,z10-15,-0.730035868813434,0.0,
4164,F150W,z10-15,6.474623992286298,0.0,
4164,F200W,z10-15,14.085908130824246,0.0,
4164,F277W,z10-15,11.048139442872419,0.0,
4164,F356W,z10-15,12.279171743684126,0.0,
4164,F410M,z10-15,0.7567663305493191,0.0,
4164,F444W,z10-15,8.843015065060104,0.0,
4257,F606W,z10-15,1.0456237496803036,0.0,
4257,F814W,z10-15,0.8213577157880277,0.0,
4257,F115W,z10-15,-1.3238970559423053,0.0,
4257,F150W,z10-15,1.0060198477980193,0.0,
4257,F200W,z10-15,0.70511590249468,0.0,
4257,F277W,z10-15,10.421526917792015,0.0,
4257,F356W,z10-15,2.6867724019480344,0.0,
4257,F410M,z10-15,0.2646608308711535,0.0,
4257,F444W,z10-15,9.660784440538603,0.0,
4929,F606W,z10-15,2.801680898095758,0.0,
4929,F814W,z10-15,-0.028832333195793456,0.0,
4929,F115W,z10-15,2.967890762788973,0.0,
4929,F150W,z10-15,-0.06403927873037683,0.0,
4929,F200W,z10-15,9.395136760000788,0.0,
4929,F277W,z10-15,10.402955651975235,0.0,
4929,F356W,z10-15,11.635954643770072,0.0,
4929,F410M,z10-15,1.7019000610165789,0.0,
4929,F444W,z10-15,-3.3296352675077614,0.0,
5596,F606W,z10-15,-0.8855545797729987,0.0,
5596,F814W,z10-15,3.159588073852064,0.0,
5596,F115W,z10-15,-2.5165566395673453,0.0,
5596,F150W,z10-15,-0.8013175475086824,0.0,
5596,F200W,z10-15,4.627561890123198,0.0,
5596,F277W,z10-15,3.071372940857854,0.0,
5596,F356W,z10-15,3.491561406219201,0.0,
5596,F410M,z10-15,6.987145036370777,0.0,
5596,F444W,z10-15,2.4831260223560205,0.0,
5688,F606W,z10-15,4.247025103199396,0.0,
5688,F814W,z10-15,3.381743476084281,0.0,
5688,F115W,z10-15,-0.051320255965061345,0.0,
5688,F150W,z10-15,3.394778257035786,0.0,
5688,F200W,z10-15,25.825565326474475,0.0,
5688,F277W,z10-15,27.76730376149435,0.0,
5688,F356W,z10-15,28.055024779381288,0.0,
5688,F410M,z10-15,7.94768510677169,0.0,
5688,F444W,z10-15,10.989815449121743,0.0,
6716,F606W,z10-15,0.37315670435798726,0.0,
6716,F814W,z10-15,1.7046826138815134,0.0,
6716,F115W,z10-15,-0.48648698487570535,0.0,
6716,F150W,z10-15,-1.521264674101055,0.0,
6716,F200W,z10-15,0.10699792176759136,0.0,
6716,F277W,z10-15,0.8007673383181254,0.0,
6716,F356W,z10-15,1.0644361917428287,0.0,
6716,F410M,z10-15,7.844396203131754,0.0,
6716,F444W,z10-15,4.387867156807784,0.0,
7250,F606W,z10-15,-0.7322735887914478,0.0,
7250,F814W,z10-15,0.22906433552946218,0.0,
7250,F115W,z10-15,-2.4574183226063675,0.0,
7250,F150W,z10-15,-0.31367194372076823,0.0,
7250,F200W,z10-15,5.054388522624319,0.0,
7250,F277W,z10-15,1.582219799722074,0.0,
7250,F356W,z10-15,1.0408477031483598,0.0,
7250,F410M,z10-15,11.602728902515693,0.0,
7250,F444W,z10-15,9.298787070770771,0.0,
7959,F606W,z10-15,2.5035208438902,0.0,
7959,F814W,z10-15,0.8716724475194726,0.0,
7959,F115W,z10-15,-1.5395028014023069,0.0,
7959,F150W,z10-15,0.708899026985191,0.0,
7959,F200W,z10-15,-2.3288732251306503,0.0,
7959,F277W,z10-15,24.956170999442737,0.0,
7959,F356W,z10-15,15.848843095651006,0.0,
7959,F410M,z10-15,1.0911701905486082,0.0,
7959,F444W,z10-15,6.838997914488725,0.0,
8325,F606W,z10-15,-1.3556123199849903,0.0,
8325,F814W,z10-15,-3.731026724337231,0.0,
8325,F115W,z10-15,0.0553319354433952,0.0,
8325,F150W,z10-15,8.580036045127123,0.0,
8325,F200W,z10-15,14.402349293704573,0.0,
8325,F277W,z10-15,12.329069850355864,0.0,
8325,F356W,z10-15,0.9819705441224017,0.0,
8325,F410M,z10-15,-0.33022892622745575,0.0,
8325,F444W,z10-15,0.002057923167023875,0.0,
8677,F606W,z10-15,-0.22148611048904143,0.0,
8677,F814W,z10-15,-2.4722175535995534,0.0,
8677,F115W,z10-15,-2.611099659765674,0.0,
8677,F150W,z10-15,1.2554582080775656,0.0,
8677,F200W,z10-15,15.923837583340845,0.0,
8677,F277W,z10-15,3.481769726697668,0.0,
8677,F356W,z10-15,4.397204448720028,0.0,
8677,F410M,z10-15,2.1760724512801293,0.0,
8677,F444W,z10-15,8.88141455331888,0.0,
8903,F606W,z10-15,-0.6839326889993265,0.0,
8903,F814W,z10-15,0.718464911832434,0.0,
8903,F115W,z10-15,2.5561394814302454,0.0,
8903,F150W,z10-15,0.04696992253315213,0.0,
8903,F200W,z10-15,5.159987051697834,0.0,
8903,F277W,z10-15,9.266610497346042,0.0,
8903,F356W,z10-15,7.643767143619533,0.0,
8903,F410M,z10-15,19.19370120379279,0.0,
8903,F444W,z10-15,-0.7511820905709814,0.0,
9074,F606W,z10-15,-2.1582896760745216,0.0,
9074,F814W,z10-15,1.5071554501033015,0.0,
9074,F115W,z10-15,-2.085731205796057,0.0,
9074,F150W,z10-15,-0.2987995122657509,0.0,
9074,F200W,z10-15,0.15004460307358622,0.0,
9074,F277W,z10-15,2.5521604392342754,0.0,
9074,F356W,z10-15,1.4043992430671286,0.0,
9074,F410M,z10-15,6.99552081878104,0.0,
9074,F444W,z10-15,3.648651153894255,0.0,
9286,F606W,z10-15,2.69392929804047,0.0,
9286,F814W,z10-15,-1.495513637796979,0.0,
9286,F115W,z10-15,-1.0134756941599576,0.0,
9286,F150W,z10-15,-0.7204319699696596,0.0,
9286,F200W,z10-15,-0.5436890043753645,0.0,
9286,F277W,z10-15,5.151031001570874,0.0,
9286,F356W,z10-15,2.856891319259866,0.0,
9286,F410M,z10-15,11.527836143182405,0.0,
9286,F444W,z10-15,5.093475981248103,0.0,
10838,F606W,z10-15,-1.064466407402624,0.0,
10838,F814W,z10-15,-3.0999911482845475,0.0,
10838,F115W,z10-15,2.2011464652931334,0.0,
10838,F150W,z10-15,0.5574561704343836,0.0,
10838,F200W,z10-15,6.138255413357601,0.0,
10838,F277W,z10-15,4.245191010884265,0.0,
10838,F356W,z10-15,5.127563453286241,0.0,
10838,F410M,z10-15,11.50701706305139,0.0,
10838,F444W,z10-15,5.932515212991778,0.0,
11544,F606W,z10-15,2.141218753655202,0.0,
11544,F814W,z10-15,2.3178286258403507,0.0,
11544,F115W,z10-15,1.6285979166210427,0.0,
11544,F150W,z10-15,22.558311963692862,0.0,
11544,F200W,z10-15,29.63457248224367,0.0,
11544,F277W,z10-15,25.09170189270813,0.0,
11544,F356W,z10-15,14.15394711653541,0.0,
11544,F410M,z10-15,-0.43314662865856246,0.0,
11544,F444W,z10-15,-1.6807645169257872,0.0,
11933,F606W,z10-15,3.5570209668291435,0.0,
11933,F814W,z10-15,0.286557876713056,0.0,
11933,F115W,z10-15,0.9555953706406084,0.0,
11933,F150W,z10-15,6.28301715645536,0.0,
11933,F200W,z10-15,15.2754817155272,0.0,
11933,F277W,z10-15,10.654183699898473,0.0,
11933,F356W,z10-15,12.17714045784804,0.0,
11933,F410M,z10-15,0.51110219868401,0.0,
11933,F444W,z10-15,8.237572616836884,0.0,
788,F606W,z10-15,0.5468967826910629,0.0,
788,F814W,z10-15,-0.3107620320183323,0.0,
788,F115W,z10-15,-2.28046361107206,0.0,
788,F150W,z10-15,-0.08968968972875266,0.0,
788,F200W,z10-15,2.907611774337419,0.0,
788,F277W,z10-15,2.2750700509275354,0.0,
788,F356W,z10-15,3.513338895973969,0.0,
788,F410M,z10-15,5.9327486749741745,0.0,
788,F444W,z10-15,6.274142787353612,0.0,
1455,F606W,z10-15,1.250016052236447,0.0,
1455,F814W,z10-15,2.561704650920119,0.0,
1455,F115W,z10-15,-5.55873238110818,0.0,
1455,F150W,z10-15,1.1040098590797098,0.0,
1455,F200W,z10-15,18.231130315639145,0.0,
1455,F277W,z10-15,14.248988469112568,0.0,
1455,F356W,z10-15,11.458680199574358,0.0,
1455,F410M,z10-15,9.160898404387483,0.0,
1455,F444W,z10-15,5.772000231855297,0.0,
2259,F606W,z10-15,-0.2531518190291924,0.0,
2259,F814W,z10-15,-0.10306416642117085,0.0,
2259,F115W,z10-15,2.3852027561066267,0.0,
2259,F150W,z10-15,2.8699733133613288,0.0,
2259,F200W,z10-15,15.954435441265268,0.0,
2259,F277W,z10-15,16.435863097967996,0.0,
2259,F356W,z10-15,12.613249748758353,0.0,
2259,F410M,z10-15,2.9117311853244727,0.0,
2259,F444W,z10-15,2.019939232489587,0.0,
3260,F606W,z10-15,0.09802624979053634,0.0,
3260,F814W,z10-15,2.5104811148983392,0.0,
3260,F115W,z10-15,0.6875916959409264,0.0,
3260,F150W,z10-15,15.129263362385801,0.0,
3260,F200W,z10-15,33.18743263655667,0.0,
3260,F277W,z10-15,-0.00712637575426966,0.0,
3260,F356W,z10-15,-0.005962673008480574,0.0,
3260,F410M,z10-15,4.103841878087366,0.0,
3260,F444W,z10-15,10.921012376345805,0.0,
3478,F606W,z10-15,5.748584222090143,0.0,
3478,F814W,z10-15,3.9021163428699404,0.0,
3478,F115W,z10-15,-3.3825528763903745,0.0,
3478,F150W,z10-15,0.10171463898030803,0.0,
3478,F200W,z10-15,12.680613523252978,0.0,
3478,F277W,z10-15,12.447948547550268,0.0,
3478,F356W,z10-15,7.452791331126334,0.0,
3478,F410M,z10-15,13.202221531361758,0.0,
3478,F444W,z10-15,6.913107877329214,0.0,
4954,F606W,z10-15,1.5470754415809889,0.0,
4954,F814W,z10-15,1.828679834551825,0.0,
4954,F115W,z10-15,0.8307423859793412,0.0,
4954,F150W,z10-15,1.4038014769250182,0.0,
4954,F200W,z10-15,17.493797442827432,0.0,
4954,F277W,z10-15,18.12541228488163,0.0,
4954,F356W,z10-15,9.354796936617037,0.0,
4954,F410M,z10-15,4.935757214581202,0.0,
4954,F444W,z10-15,7.739449450153758,0.0,
5581,F606W,z10-15,-0.4195624945483308,0.0,
5581,F814W,z10-15,-0.19186960967828637,0.0,
5581,F115W,z10-15,-2.265713230026344,0.0,
5581,F150W,z10-15,-0.6799531271446037,0.0,
5581,F200W,z10-15,15.499593830193694,0.0,
5581,F277W,z10-15,5.486669968752484,0.0,
5581,F356W,z10-15,5.242791954289709,0.0,
5581,F410M,z10-15,-2.480650590905193,0.0,
5581,F444W,z10-15,4.088490354929613,0.0,
6534,F606W,z10-15,-0.7643536031837657,0.0,
6534,F814W,z10-15,0.8963977832023214,0.0,
6534,F115W,z10-15,0.48895484498338293,0.0,
6534,F150W,z10-15,19.512867860189633,0.0,
6534,F200W,z10-15,39.233512993417904,0.0,
6534,F277W,z10-15,41.48149668415449,0.0,
6534,F356W,z10-15,35.76391709912966,0.0,
6534,F410M,z10-15,23.356865867419707,0.0,
6534,F444W,z10-15,20.38564034876923,0.0,
6620,F606W,z10-15,1.393030185289817,0.0,
6620,F814W,z10-15,0.3675373662702545,0.0,
6620,F115W,z10-15,0.024718549823153434,0.0,
6620,F150W,z10-15,3.701130298211362,0.0,
6620,F200W,z10-15,14.19990460308598,0.0,
6620,F277W,z10-15,6.367548892824502,0.0,
6620,F356W,z10-15,8.616693302144842,0.0,
6620,F410M,z10-15,-2.052548203505733,0.0,
6620,F444W,z10-15,4.037179277139862,0.0,
7476,F606W,z10-15,1.6194589580054666,0.0,
7476,F814W,z10-15,0.2274201232660709,0.0,
7476,F115W,z10-15,-1.2220946271522473,0.0,
7476,F150W,z10-15,-3.745503553856941,0.0,
7476,F200W,z10-15,5.532528391199078,0.0,
7476,F277W,z10-15,-0.4504457213288337,0.0,
7476,F356W,z10-15,7.635875717501032,0.0,
7476,F410M,z10-15,14.310254550990322,0.0,
7476,F444W,z10-15,10.3293513890063,0.0,
8333,F606W,z10-15,-3.0174927582159103,0.0,
8333,F814W,z10-15,0.8032202878999841,0.0,
8333,F115W,z10-15,-1.157752705653715,0.0,
8333,F150W,z10-15,-6.893539619485679,0.0,
8333,F200W,z10-15,0.9749630646809317,0.0,
8333,F277W,z10-15,3.1163283722549164,0.0,
8333,F356W,z10-15,2.6286231504865953,0.0,
8333,F410M,z10-15,7.532116909652775,0.0,
8333,F444W,z10-15,7.403140030745389,0.0,
9506,F606W,z10-15,-0.8994965456782377,0.0,
9506,F814W,z10-15,1.6723239102546972,0.0,
9506,F115W,z10-15,-1.5807416664823377,0.0,
9506,F150W,z10-15,0.9377171167392832,0.0,
9506,F200W,z10-15,-1.7017859608543917,0.0,
9506,F277W,z10-15,14.554268802300419,0.0,
9506,F356W,z10-15,8.418460752984421,0.0,
9506,F410M,z10-15,3.5258976103562207,0.0,
9506,F444W,z10-15,6.810538857795424,0.0,
9509,F606W,z10-15,0.6508737778435625,0.0,
9509,F814W,z10-15,1.119485944806051,0.0,
9509,F115W,z10-15,1.7944633737550537,0.0,
9509,F150W,z10-15,1.4727617105332733,0.0,
9509,F200W,z10-15,16.708801190134725,0.0,
9509,F277W,z10-15,6.291469373390076,0.0,
9509,F356W,z10-15,9.069331029560907,0.0,
9509,F410M,z10-15,1.9642069691918076,0.0,
9509,F444W,z10-15,9.232862120412861,0.0,
9677,F606W,z10-15,3.6228056898515475,0.0,
9677,F814W,z10-15,3.7595813379969787,0.0,
9677,F115W,z10-15,8.567565516001974,0.0,
9677,F150W,z10-15,17.99365521002027,0.0,
9677,F200W,z10-15,-0.009965899654608004,0.0,
9677,F277W,z10-15,26.875215733866483,0.0,
9677,F356W,z10-15,16.435142626711873,0.0,
9677,F410M,z10-15,9.15918872363229,0.0,
9677,F444W,z10-15,8.075959616518423,0.0,
10411,F606W,z10-15,1.0248853571744538,0.0,
10411,F814W,z10-15,0.15668138544406865,0.0,
10411,F115W,z10-15,-0.312855298809944,0.0,
10411,F150W,z10-15,9.28137093429808,0.0,
10411,F200W,z10-15,14.139970053944712,0.0,
10411,F277W,z10-15,8.26039295573891,0.0,
10411,F356W,z10-15,17.975199502129612,0.0,
10411,F410M,z10-15,9.957100587320241,0.0,
10411,F444W,z10-15,7.619354185975926,0.0,
10538,F606W,z10-15,1.5517563963149843,0.0,
10538,F814W,z10-15,1.142959367055083,0.0,
10538,F115W,z10-15,0.37364676748947845,0.0,
10538,F150W,z10-15,-4.709089777665825,0.0,
10538,F200W,z10-15,3.7426979569587364,0.0,
10538,F277W,z10-15,2.386761305086557,0.0,
10538,F356W,z10-15,2.280582218482218,0.0,
10538,F410M,z10-15,5.2616886389738005,0.0,
10538,F444W,z10-15,10.26200870732353,0.0,
11590,F606W,z10-15,4.354063472969147,0.0,
11590,F814W,z10-15,2.9546117088016226,0.0,
11590,F115W,z10-15,2.1715426361118464,0.0,
11590,F150W,z10-15,29.11755834371227,0.0,
11590,F200W,z10-15,75.95097710555895,0.0,
11590,F277W,z10-15,-0.014014366654339984,0.0,
11590,F356W,z10-15,0.003679518897614932,0.0,
11590,F410M,z10-15,16.498996121115738,0.0,
11590,F444W,z10-15,12.589755549877998,0.0,
12228,F606W,z10-15,-0.21168101958176538,0.0,
12228,F814W,z10-15,6.339536484185436,0.0,
12228,F115W,z10-15,0.011867019051451785,0.0,
12228,F150W,z10-15,-0.17579722275513088,0.0,
12228,F200W,z10-15,11.853972754930014,0.0,
12228,F277W,z10-15,11.59877541350861,0.0,
12228,F356W,z10-15,6.729254554687785,0.0,
12228,F410M,z10-15,3.8886873539171907,0.0,
12228,F444W,z10-15,7.668556459873067,0.0,
12282,F606W,z10-15,-0.44894440704975286,0.0,
12282,F814W,z10-15,-0.4772034120606852,0.0,
12282,F115W,z10-15,4.1449265241377935,0.0,
12282,F150W,z10-15,2.532126127245722,0.0,
12282,F200W,z10-15,18.26023779033088,0.0,
12282,F277W,z10-15,-0.008255419890916237,0.0,
12282,F356W,z10-15,-0.00444605939263423,0.0,
12282,F410M,z10-15,7.9558479222019,0.0,
12282,F444W,z10-15,12.651441456838102,0.0,
13212,F606W,z10-15,1.8376212060081105,0.0,
13212,F814W,z10-15,6.315038871566589,0.0,
13212,F115W,z10-15,4.8689216664122155,0.0,
13212,F150W,z10-15,37.73441547081451,0.0,
13212,F200W,z10-15,0.5280555219389602,0.0,
13212,F277W,z10-15,76.30133166233058,0.0,
13212,F356W,z10-15,42.400979570897945,0.0,
13212,F410M,z10-15,14.818108400617506,0.0,
13212,F444W,z10-15,8.241193278309215,0.0,
231,F606W,z10-15,1.6859805488412216,0.0,
231,F814W,z10-15,-0.5114878710098577,0.0,
231,F115W,z10-15,-0.6429787065718425,0.0,
231,F150W,z10-15,6.337904394485352,0.0,
231,F200W,z10-15,10.425768130038898,0.0,
231,F277W,z10-15,8.3130415888799,0.0,
231,F356W,z10-15,6.722365094068694,0.0,
231,F410M,z10-15,7.6444664808682905,0.0,
231,F444W,z10-15,2.3870801068310947,0.0,
524,F606W,z10-15,-0.857662213799681,0.0,
524,F814W,z10-15,2.870130773262062,0.0,
524,F115W,z10-15,3.8343816749199817,0.0,
524,F150W,z10-15,4.911927292029019,0.0,
524,F200W,z10-15,12.800238560683875,0.0,
524,F277W,z10-15,6.446872572204004,0.0,
524,F356W,z10-15,8.657838433598355,0.0,
524,F410M,z10-15,4.850293666745433,0.0,
524,F444W,z10-15,4.743442804864418,0.0,
1065,F606W,z10-15,-1.1178600231328737,0.0,
1065,F814W,z10-15,4.756647507123209,0.0,
1065,F115W,z10-15,6.167524671345612,0.0,
1065,F150W,z10-15,5.019820095181103,0.0,
1065,F200W,z10-15,9.612301223552942,0.0,
1065,F277W,z10-15,4.924945581786553,0.0,
1065,F356W,z10-15,13.270497266021419,0.0,
1065,F410M,z10-15,19.395442574573106,0.0,
1065,F444W,z10-15,7.074943550441089,0.0,
1531,F606W,z10-15,2.909556765074444,0.0,
1531,F814W,z10-15,-0.992764648938228,0.0,
1531,F115W,z10-15,0.2448154175319243,0.0,
1531,F150W,z10-15,2.5066249719584754,0.0,
1531,F200W,z10-15,7.1870459862746685,0.0,
1531,F277W,z10-15,2.7186411923268725,0.0,
1531,F356W,z10-15,5.272150213653247,0.0,
1531,F410M,z10-15,7.118692289411298,0.0,
1531,F444W,z10-15,2.946722823459518,0.0,
1748,F606W,z10-15,1.001204100899349,0.0,
1748,F814W,z10-15,3.6693607540230526,0.0,
1748,F115W,z10-15,7.378878528804669,0.0,
1748,F150W,z10-15,8.037033443329657,0.0,
1748,F200W,z10-15,9.496746955749806,0.0,
1748,F277W,z10-15,6.626437270067144,0.0,
1748,F356W,z10-15,7.393306854198548,0.0,
1748,F410M,z10-15,2.7853267326472717,0.0,
1748,F444W,z10-15,1.6426241892419848,0.0,
3571,F606W,z10-15,-0.35404610451512264,0.0,
3571,F814W,z10-15,-0.57621556126637,0.0,
3571,F115W,z10-15,0.9615197767396098,0.0,
3571,F150W,z10-15,7.439936899746752,0.0,
3571,F200W,z10-15,9.330440796402906,0.0,
3571,F277W,z10-15,7.757727101195092,0.0,
3571,F356W,z10-15,9.237162011405504,0.0,
3571,F410M,z10-15,7.0897065978124525,0.0,
3571,F444W,z10-15,5.344729385973047,0.0,
5264,F606W,z10-15,-0.7321517230019883,0.0,
5264,F814W,z10-15,-0.19473460192122818,0.0,
5264,F115W,z10-15,0.788831780605978,0.0,
5264,F150W,z10-15,3.26564666395481,0.0,
5264,F200W,z10-15,12.672935930620337,0.0,
5264,F277W,z10-15,12.109113427527095,0.0,
5264,F356W,z10-15,5.191683535295469,0.0,
5264,F410M,z10-15,6.794582161223283,0.0,
5264,F444W,z10-15,4.958125230021046,0.0,
6622,F606W,z10-15,-0.03205497377071017,0.0,
6622,F814W,z10-15,-2.186039768861026,0.0,
6622,F115W,z10-15,0.6241051687237673,0.0,
6622,F150W,z10-15,2.1225668435856977,0.0,
6622,F200W,z10-15,2.5442255428640377,0.0,
6622,F277W,z10-15,4.396522670334847,0.0,
6622,F356W,z10-15,2.7830017462828858,0.0,
6622,F410M,z10-15,10.928404051881449,0.0,
6622,F444W,z10-15,2.5550235277798525,0.0,
7035,F606W,z10-15,0.520140732143294,0.0,
7035,F814W,z10-15,1.8796090514193353,0.0,
7035,F115W,z10-15,-1.4178791500706565,0.0,
7035,F150W,z10-15,3.355006293773314,0.0,
7035,F200W,z10-15,4.501354549826075,0.0,
7035,F277W,z10-15,5.143086757607114,0.0,
7035,F356W,z10-15,6.8915228806138895,0.0,
7035,F410M,z10-15,5.042266694273292,0.0,
7035,F444W,z10-15,6.35271303228516,0.0,
7565,F606W,z10-15,-2.201923203037716,0.0,
7565,F814W,z10-15,0.8426483706043433,0.0,
7565,F115W,z10-15,-2.8488311576400385,0.0,
7565,F150W,z10-15,1.8991989194188312,0.0,
7565,F200W,z10-15,3.487141562994905,0.0,
7565,F277W,z10-15,5.769901561237058,0.0,
7565,F356W,z10-15,11.659086630272903,0.0,
7565,F410M,z10-15,7.247833457454649,0.0,
7565,F444W,z10-15,0.06303689753411795,0.0,
7878,F606W,z10-15,1.7411863982092848,0.0,
7878,F814W,z10-15,0.45963945568915515,0.0,
7878,F115W,z10-15,-4.947292352858619,0.0,
7878,F150W,z10-15,-0.7408775623485889,0.0,
7878,F200W,z10-15,1.7914993883566088,0.0,
7878,F277W,z10-15,4.688899519487774,0.0,
7878,F356W,z10-15,6.143199912196618,0.0,
7878,F410M,z10-15,2.8085460632300454,0.0,
7878,F444W,z10-15,6.687457986107407,0.0,
9153,F606W,z10-15,2.3241416847164023,0.0,
9153,F814W,z10-15,1.7267797185077804,0.0,
9153,F115W,z10-15,1.2723326885621362,0.0,
9153,F150W,z10-15,2.1290733681828833,0.0,
9153,F200W,z10-15,4.661022923927964,0.0,
9153,F277W,z10-15,4.453181838243563,0.0,
9153,F356W,z10-15,-0.45049227306529244,0.0,
9153,F410M,z10-15,11.471927991622094,0.0,
9153,F444W,z10-15,19.165009063591132,0.0,
9544,F606W,z10-15,0.02222501910663945,0.0,
9544,F814W,z10-15,-1.0095161313944463,0.0,
9544,F115W,z10-15,4.298309501368427,0.0,
9544,F150W,z10-15,2.8042271368924414,0.0,
9544,F200W,z10-15,16.939084608428246,0.0,
9544,F277W,z10-15,15.549315214007608,0.0,
9544,F356W,z10-15,3.8569461642498086,0.0,
9544,F410M,z10-15,2.9413567268775846,0.0,
9544,F444W,z10-15,4.340967447412665,0.0,
10413,F606W,z10-15,-2.541096948926492,0.0,
10413,F814W,z10-15,5.403425924702523,0.0,
10413,F115W,z10-15,6.490644133723657,0.0,
10413,F150W,z10-15,30.326133749357385,0.0,
10413,F200W,z10-15,51.8102636194037,0.0,
10413,F277W,z10-15,72.59443619284653,0.0,
10413,F356W,z10-15,40.088244607741856,0.0,
10413,F410M,z10-15,3.1727669408478523,0.0,
10413,F444W,z10-15,14.90301264658871,0.0,
10519,F606W,z10-15,0.9400490602459537,0.0,
10519,F814W,z10-15,3.027424447362834,0.0,
10519,F115W,z10-15,0.009634658308590782,0.0,
10519,F150W,z10-15,0.004751756422906574,0.0,
10519,F200W,z10-15,-0.012404731669432144,0.0,
10519,F277W,z10-15,3.396069432436774,0.0,
10519,F356W,z10-15,-0.17297555966962658,0.0,
10519,F410M,z10-15,10.136815422616882,0.0,
10519,F444W,z10-15,4.685059133318452,0.0,
10967,F606W,z10-15,-2.635176419619242,0.0,
10967,F814W,z10-15,3.906375663454533,0.0,
10967,F115W,z10-15,0.8588525542007646,0.0,
10967,F150W,z10-15,7.816686417523972,0.0,
10967,F200W,z10-15,16.045238632054687,0.0,
10967,F277W,z10-15,11.278988331040724,0.0,
10967,F356W,z10-15,9.62863034461178,0.0,
10967,F410M,z10-15,12.182731688763964,0.0,
10967,F444W,z10-15,3.081203233737939,0.0,
11733,F606W,z10-15,0.7444036741820013,0.0,
11733,F814W,z10-15,1.8520286828896833,0.0,
11733,F115W,z10-15,-3.4560866431248827,0.0,
11733,F150W,z10-15,2.812621667630505,0.0,
11733,F200W,z10-15,-0.8236768735187229,0.0,
11733,F277W,z10-15,6.5019014068965095,0.0,
11733,F356W,z10-15,5.233811954635753,0.0,
11733,F410M,z10-15,16.703307915510315,0.0,
11733,F444W,z10-15,3.0227245385348214,0.0,
11782,F606W,z10-15,0.6115636707904539,0.0,
11782,F814W,z10-15,0.7875653732398794,0.0,
11782,F115W,z10-15,2.935669557984624,0.0,
11782,F150W,z10-15,6.239625369234665,0.0,
11782,F200W,z10-15,17.388704830542867,0.0,
11782,F277W,z10-15,11.506513628443987,0.0,
11782,F356W,z10-15,12.177884095342652,0.0,
11782,F410M,z10-15,4.378138221503493,0.0,
11782,F444W,z10-15,6.4550074667976745,0.0,
11938,F606W,z10-15,0.25410687040314167,0.0,
11938,F814W,z10-15,-1.475201787232283,0.0,
11938,F115W,z10-15,3.1064102578187742,0.0,
11938,F150W,z10-15,0.1464453959490685,0.0,
11938,F200W,z10-15,12.909088865258838,0.0,
11938,F277W,z10-15,11.045352148458543,0.0,
11938,F356W,z10-15,2.0462509404300206,0.0,
11938,F410M,z10-15,8.921138135281696,0.0,
11938,F444W,z10-15,7.0590867105910835,0.0,
11961,F606W,z10-15,0.9969223395773424,0.0,
11961,F814W,z10-15,-0.7269827807793414,0.0,
11961,F115W,z10-15,-1.7060462311839641,0.0,
11961,F150W,z10-15,2.428912895160051,0.0,
11961,F200W,z10-15,9.909467836596113,0.0,
11961,F277W,z10-15,13.617461419291963,0.0,
11961,F356W,z10-15,7.590002067712469,0.0,
11961,F410M,z10-15,4.4728472344510655,0.0,
11961,F444W,z10-15,1.6241373970755633,0.0,
289,F606W,z10-15,-1.5308074115343762,0.0,
289,F814W,z10-15,-0.2766206017002761,0.0,
289,F115W,z10-15,-0.5776231518456515,0.0,
289,F150W,z10-15,6.206932151882737,0.0,
289,F200W,z10-15,-2.611657109859116,0.0,
289,F277W,z10-15,152.1375034292172,0.0,
289,F356W,z10-15,84.61908275557231,0.0,
289,F410M,z10-15,81.92692036197302,0.0,
289,F444W,z10-15,59.88403837326059,0.0,
1901,F606W,z10-15,0.9022817774087207,0.0,
1901,F814W,z10-15,2.316215620553912,0.0,
1901,F115W,z10-15,3.741425529304957,0.0,
1901,F150W,z10-15,8.69095317353184,0.0,
1901,F200W,z10-15,16.167235784039743,0.0,
1901,F277W,z10-15,9.708143114350795,0.0,
1901,F356W,z10-15,12.891861157029364,0.0,
1901,F410M,z10-15,4.012895568769969,0.0,
1901,F444W,z10-15,7.740098819272077,0.0,
2011,F606W,z10-15,1.2531655187032482,0.0,
2011,F814W,z10-15,-0.22639982410777398,0.0,
2011,F115W,z10-15,-2.0602767639104065,0.0,
2011,F150W,z10-15,-2.8716795732532456,0.0,
2011,F200W,z10-15,3.010729763464535,0.0,
2011,F277W,z10-15,3.6108593849817336,0.0,
2011,F356W,z10-15,3.455442431682772,0.0,
2011,F410M,z10-15,5.356283242819193,0.0,
2011,F444W,z10-15,4.377197802707242,0.0,
2108,F606W,z10-15,-1.4370454294562294,0.0,
2108,F814W,z10-15,-0.598909644700268,0.0,
2108,F115W,z10-15,2.0322742826556555,0.0,
2108,F150W,z10-15,0.05714542220258955,0.0,
2108,F200W,z10-15,-2.841722135261847,0.0,
2108,F277W,z10-15,12.309007085107794,0.0,
2108,F356W,z10-15,9.445363787277927,0.0,
2108,F410M,z10-15,9.034788628338404,0.0,
2108,F444W,z10-15,14.664219801607054,0.0,
2761,F606W,z10-15,-0.12831723181970278,0.0,
2761,F814W,z10-15,0.3934499082827815,0.0,
2761,F115W,z10-15,0.30404014363471926,0.0,
2761,F150W,z10-15,4.606689639533118,0.0,
2761,F200W,z10-15,0.5073398894648381,0.0,
2761,F277W,z10-15,68.43165402725563,0.0,
2761,F356W,z10-15,-0.08877011951644552,0.0,
2761,F410M,z10-15,2.6002359328874927,0.0,
2761,F444W,z10-15,6.870947199624491,0.0,
3824,F606W,z10-15,0.8374262516587926,0.0,
3824,F814W,z10-15,-1.1392479020878878,0.0,
3824,F115W,z10-15,4.3760230494115415,0.0,
3824,F150W,z10-15,1.9530426781328811,0.0,
3824,F200W,z10-15,14.476350975217796,0.0,
3824,F277W,z10-15,20.77576545304547,0.0,
3824,F356W,z10-15,7.502273559247169,0.0,
3824,F410M,z10-15,6.614448624658294,0.0,
3824,F444W,z10-15,5.925716757588138,0.0,
3938,F606W,z10-15,5.957313325776471,0.0,
3938,F814W,z10-15,2.347849024003367,0.0,
3938,F115W,z10-15,2.4230597179876714,0.0,
3938,F150W,z10-15,14.260332524711883,0.0,
3938,F200W,z10-15,14.745859471056223,0.0,
3938,F277W,z10-15,13.19953583052935,0.0,
3938,F356W,z10-15,12.392198612935717,0.0,
3938,F410M,z10-15,-0.19358208396426368,0.0,
3938,F444W,z10-15,13.908202651495925,0.0,
4227,F606W,z10-15,-3.187119453492987,0.0,
4227,F814W,z10-15,-4.377692645998397,0.0,
4227,F115W,z10-15,-0.7428714976909365,0.0,
4227,F150W,z10-15,1.484240925360935,0.0,
4227,F200W,z10-15,2.1124689905087672,0.0,
4227,F277W,z10-15,5.197351691112867,0.0,
4227,F356W,z10-15,7.815732528897617,0.0,
4227,F410M,z10-15,11.7005815079833,0.0,
4227,F444W,z10-15,3.6371994709296076,0.0,
5922,F606W,z10-15,-1.0193584046724782,0.0,
5922,F814W,z10-15,0.9141946536549719,0.0,
5922,F115W,z10-15,-1.1662126962264294,0.0,
5922,F150W,z10-15,3.8644432434563614,0.0,
5922,F200W,z10-15,-0.22436741012152614,0.0,
5922,F277W,z10-15,4.455617620314092,0.0,
5922,F356W,z10-15,6.265601249768171,0.0,
5922,F410M,z10-15,8.413104043153464,0.0,
5922,F444W,z10-15,7.184799926264369,0.0,
6626,F606W,z10-15,-1.3625958143824943,0.0,
6626,F814W,z10-15,-0.2834710110806579,0.0,
6626,F115W,z10-15,2.877297346384279,0.0,
6626,F150W,z10-15,6.987973346403087,0.0,
6626,F200W,z10-15,58.33461449813123,0.0,
6626,F277W,z10-15,-4.091041192580019,0.0,
6626,F356W,z10-15,-0.09543902696005556,0.0,
6626,F410M,z10-15,-1.7076813768136088,0.0,
6626,F444W,z10-15,4.678429216411316,0.0,
6828,F606W,z10-15,3.65213659838802,0.0,
6828,F814W,z10-15,0.12147685394281899,0.0,
6828,F115W,z10-15,-0.7264474758375177,0.0,
6828,F150W,z10-15,7.7439645465930775,0.0,
6828,F200W,z10-15,17.546584089343188,0.0,
6828,F277W,z10-15,19.619432449087817,0.0,
6828,F356W,z10-15,16.971076438854688,0.0,
6828,F410M,z10-15,8.155077944882828,0.0,
6828,F444W,z10-15,17.272511830664417,0.0,
8838,F606W,z10-15,-2.2753343563821073,0.0,
8838,F814W,z10-15,-0.8898270938869727,0.0,
8838,F115W,z10-15,6.860269566366386,0.0,
8838,F150W,z10-15,-0.04211895688188107,0.0,
8838,F200W,z10-15,4.2282843771781335,0.0,
8838,F277W,z10-15,17.09785198096199,0.0,
8838,F356W,z10-15,8.301508654830478,0.0,
8838,F410M,z10-15,8.083660757917304,0.0,
8838,F444W,z10-15,16.79904829554758,0.0,
9221,F606W,z10-15,0.8792989931489406,0.0,
9221,F814W,z10-15,-2.3044262977540155,0.0,
9221,F115W,z10-15,-0.026005229655765422,0.0,
9221,F150W,z10-15,1.2275915782571658,0.0,
9221,F200W,z10-15,-2.554999220639478,0.0,
9221,F277W,z10-15,8.891074590676302,0.0,
9221,F356W,z10-15,6.07400643656011,0.0,
9221,F410M,z10-15,10.668450760914206,0.0,
9221,F444W,z10-15,10.643612269767473,0.0,
9817,F606W,z10-15,0.94991934125739,0.0,
9817,F814W,z10-15,-1.1285658068495275,0.0,
9817,F115W,z10-15,-0.05181347565792376,0.0,
9817,F150W,z10-15,-0.7711871365637165,0.0,
9817,F200W,z10-15,4.194129462932356,0.0,
9817,F277W,z10-15,2.5493739674661877,0.0,
9817,F356W,z10-15,11.62692074637914,0.0,
9817,F410M,z10-15,9.691904816081637,0.0,
9817,F444W,z10-15,1.5953414773955934,0.0,
10256,F606W,z10-15,-1.1861503424586608,0.0,
10256,F814W,z10-15,-0.9247744326596583,0.0,
10256,F115W,z10-15,-6.313058637819102,0.0,
10256,F150W,z10-15,11.573383881352957,0.0,
10256,F200W,z10-15,20.255819867650263,0.0,
10256,F277W,z10-15,21.715814654830336,0.0,
10256,F356W,z10-15,19.063139962463037,0.0,
10256,F410M,z10-15,10.830409473605316,0.0,
10256,F444W,z10-15,7.251547145854702,0.0,
11314,F606W,z10-15,-0.8458144199303282,0.0,
11314,F814W,z10-15,-0.76148417836999,0.0,
11314,F115W,z10-15,1.5548447157970993,0.0,
11314,F150W,z10-15,1.0635041907548721,0.0,
11314,F200W,z10-15,-0.556695361202619,0.0,
11314,F277W,z10-15,10.001647404426853,0.0,
11314,F356W,z10-15,5.473815995544364,0.0,
11314,F410M,z10-15,6.491199514414315,0.0,
11314,F444W,z10-15,2.729876547175272,0.0,
11336,F606W,z10-15,-1.5479098170727033,0.0,
11336,F814W,z10-15,1.133156938994914,0.0,
11336,F115W,z10-15,2.959951661914563,0.0,
11336,F150W,z10-15,1.3480574132000624,0.0,
11336,F200W,z10-15,-2.283374824508735,0.0,
11336,F277W,z10-15,287.72775823986115,0.0,
11336,F356W,z10-15,217.18901453957997,0.0,
11336,F410M,z10-15,376.6691515580444,0.0,
11336,F444W,z10-15,125.10269798995135,0.0,
11905,F606W,z10-15,4.230156801416821,0.0,
11905,F814W,z10-15,1.1660369937079635,0.0,
11905,F115W,z10-15,-4.369017569782568,0.0,
11905,F150W,z10-15,5.1434858287767335,0.0,
11905,F200W,z10-15,35.57991839488925,0.0,
11905,F277W,z10-15,20.09178395097523,0.0,
11905,F356W,z10-15,15.752148623600966,0.0,
11905,F410M,z10-15,8.691024952988863,0.0,
11905,F444W,z10-15,4.35952179543132,0.0,
11987,F606W,z10-15,-1.555907842125464,0.0,
11987,F814W,z10-15,1.2714640198511165,0.0,
11987,F115W,z10-15,0.8788916484332477,0.0,
11987,F150W,z10-15,3.1877995731913003,0.0,
11987,F200W,z10-15,18.05048646785404,0.0,
11987,F277W,z10-15,8.869574764865437,0.0,
11987,F356W,z10-15,4.5263957025158135,0.0,
11987,F410M,z10-15,7.774519841107335,0.0,
11987,F444W,z10-15,3.706479086167317,0.0,
12161,F606W,z10-15,1.6550775492596572,0.0,
12161,F814W,z10-15,-2.163302850500866,0.0,
12161,F115W,z10-15,0.20095150664573438,0.0,
12161,F150W,z10-15,9.516684174976287,0.0,
12161,F200W,z10-15,17.935220762983604,0.0,
12161,F277W,z10-15,15.686075255288381,0.0,
12161,F356W,z10-15,11.301843767580454,0.0,
12161,F410M,z10-15,6.9007282449987395,0.0,
12161,F444W,z10-15,7.83374909004546,0.0,
2796,F606W,z10-15,2.044627486975634,0.0,
2796,F814W,z10-15,-0.9991975479846357,0.0,
2796,F115W,z10-15,18.410630101422452,0.0,
2796,F150W,z10-15,5735.237143680282,0.0,
2796,F200W,z10-15,9147.450014151511,0.0,
2796,F277W,z10-15,6336.57979818501,0.0,
2796,F356W,z10-15,10.742157663545475,0.0,
2796,F410M,z10-15,2828.9792623887574,0.0,
2796,F444W,z10-15,3980.6177420606164,0.0,
3075,F606W,z10-15,3.6643955924682725,0.0,
3075,F814W,z10-15,0.34318697179107754,0.0,
3075,F115W,z10-15,-2.7653426303964017,0.0,
3075,F150W,z10-15,-2215.8139864125355,0.0,
3075,F200W,z10-15,-197.74205482871653,0.0,
3075,F277W,z10-15,3901.8309518840265,0.0,
3075,F356W,z10-15,7.50662343526442,0.0,
3075,F410M,z10-15,12268.054339030305,0.0,
3075,F444W,z10-15,8227.954454136707,0.0,
3207,F606W,z10-15,0.991994388031341,0.0,
3207,F814W,z10-15,-0.5839533713157601,0.0,
3207,F115W,z10-15,2.8565450300596216,0.0,
3207,F150W,z10-15,108.61125095915826,0.0,
3207,F200W,z10-15,3868.0326654446953,0.0,
3207,F277W,z10-15,2571.158411128815,0.0,
3207,F356W,z10-15,2.170698607096123,0.0,
3207,F410M,z10-15,1986.2322749474658,0.0,
3207,F444W,z10-15,8317.35342364246,0.0,
3548,F606W,z10-15,-1.7180743562895027,0.0,
3548,F814W,z10-15,1.89432774665198,0.0,
3548,F115W,z10-15,2.8559492288794868,0.0,
3548,F150W,z10-15,619.2074795646674,0.0,
3548,F200W,z10-15,-1494.4354552234329,0.0,
3548,F277W,z10-15,5389.71915397851,0.0,
3548,F356W,z10-15,7.911666494334321,0.0,
3548,F410M,z10-15,2759.444727922222,0.0,
3548,F444W,z10-15,15327.715666636144,0.0,
4104,F606W,z10-15,2.795754038159731,0.0,
4104,F814W,z10-15,-0.43484867947184586,0.0,
4104,F115W,z10-15,-5.628938454388249,0.0,
4104,F150W,z10-15,-1944.6235117635517,0.0,
4104,F200W,z10-15,319.1827288539217,0.0,
4104,F277W,z10-15,1334.9679882877792,0.0,
4104,F356W,z10-15,3.323348988830298,0.0,
4104,F410M,z10-15,3252.2836408747735,0.0,
4104,F444W,z10-15,9223.48375688629,0.0,
5473,F606W,z10-15,-1.7278980406231674,0.0,
5473,F814W,z10-15,4.708472600332276,0.0,
5473,F115W,z10-15,4.284088641070529,0.0,
5473,F150W,z10-15,86.88462403759625,0.0,
5473,F200W,z10-15,3791.5580817588866,0.0,
5473,F277W,z10-15,6781.593637975983,0.0,
5473,F356W,z10-15,9.31167685412609,0.0,
5473,F410M,z10-15,7950.726439721222,0.0,
5473,F444W,z10-15,14788.866980179127,0.0,
6801,F606W,z10-15,3.0951330047515566,0.0,
6801,F814W,z10-15,4.209010983968551,0.0,
6801,F115W,z10-15,0.2613900742034397,0.0,
6801,F150W,z10-15,354.3942479626635,0.0,
6801,F200W,z10-15,2104.121838452275,0.0,
6801,F277W,z10-15,761.4940251970299,0.0,
6801,F356W,z10-15,2.196062305852906,0.0,
6801,F410M,z10-15,448.98222589132365,0.0,
6801,F444W,z10-15,11251.725153214156,0.0,
7344,F606W,z10-15,-0.8764446596985845,0.0,
7344,F814W,z10-15,5.441624535589392,0.0,
7344,F115W,z10-15,3.087392793197229,0.0,
7344,F150W,z10-15,-3.0957138093533803,0.0,
7344,F200W,z10-15,11980.978978246565,0.0,
7344,F277W,z10-15,1653.7768789929255,0.0,
7344,F356W,z10-15,-3.2209651189587376,0.0,
7344,F410M,z10-15,1508.9719391629324,0.0,
7344,F444W,z10-15,-2008.8224008929662,0.0,
8246,F606W,z10-15,5.038099299854284,0.0,
8246,F814W,z10-15,7.447251643800614,0.0,
8246,F115W,z10-15,13.414141470067676,0.0,
8246,F150W,z10-15,3.956547550802473,0.0,
8246,F200W,z10-15,2803.725742449478,0.0,
8246,F277W,z10-15,3759.5037797409054,0.0,
8246,F356W,z10-15,6.018751506808331,0.0,
8246,F410M,z10-15,1027.382070854357,0.0,
8246,F444W,z10-15,1011.6443156112696,0.0,
9092,F606W,z10-15,-0.176498027687047,0.0,
9092,F814W,z10-15,0.6637956637679429,0.0,
9092,F115W,z10-15,9.269935503056038,0.0,
9092,F150W,z10-15,948.6351255715254,0.0,
9092,F200W,z10-15,5234.431169462173,0.0,
9092,F277W,z10-15,7549.869534040075,0.0,
9092,F356W,z10-15,5.446200381185978,0.0,
9092,F410M,z10-15,4860.604916504004,0.0,
9092,F444W,z10-15,-4318.489336463625,0.0,
9126,F606W,z10-15,-2.7939514136355643,0.0,
9126,F814W,z10-15,-0.3650896087755909,0.0,
9126,F115W,z10-15,-0.33963361112034046,0.0,
9126,F150W,z10-15,-1687.0997896668105,0.0,
9126,F200W,z10-15,770.73751324155,0.0,
9126,F277W,z10-15,1246.6400642397105,0.0,
9126,F356W,z10-15,6.1288606955965745,0.0,
9126,F410M,z10-15,4202.827181636647,0.0,
9126,F444W,z10-15,6925.37103762975,0.0,
9628,F606W,z10-15,3.9450114517081705,0.0,
9628,F814W,z10-15,-1.4188491576071285,0.0,
9628,F115W,z10-15,0.5477525289567371,0.0,
9628,F150W,z10-15,1215.893898137132,0.0,
9628,F200W,z10-15,1977.7544313858,0.0,
9628,F277W,z10-15,4040.802785295192,0.0,
9628,F356W,z10-15,0.9237031093155541,0.0,
9628,F410M,z10-15,6158.121456181779,0.0,
9628,F444W,z10-15,7636.5800303720225,0.0,
9755,F606W,z10-15,0.9308711465034921,0.0,
9755,F814W,z10-15,-0.40872446577192584,0.0,
9755,F115W,z10-15,0.6573756456974454,0.0,
9755,F150W,z10-15,-1267.751717967885,0.0,
9755,F200W,z10-15,-1428.5163504193845,0.0,
9755,F277W,z10-15,5642.73071117329,0.0,
9755,F356W,z10-15,7.142668077214653,0.0,
9755,F410M,z10-15,11964.06942200301,0.0,
9755,F444W,z10-15,15195.498981711917,0.0,
10288,F606W,z10-15,0.665356186071994,0.0,
10288,F814W,z10-15,-4.589987509641718,0.0,
10288,F115W,z10-15,-5.5124699656201,0.0,
10288,F150W,z10-15,-1026.0312363072815,0.0,
10288,F200W,z10-15,861.8133445982975,0.0,
10288,F277W,z10-15,1578.7439763806246,0.0,
10288,F356W,z10-15,3.7987002112450527,0.0,
10288,F410M,z10-15,2456.2712382792956,0.0,
10288,F444W,z10-15,16618.77231634891,0.0,
11529,F606W,z10-15,2.666810730279536,0.0,
11529,F814W,z10-15,-2.134380668128799,0.0,
11529,F115W,z10-15,0.5628988913578599,0.0,
11529,F150W,z10-15,542.9948439658733,0.0,
11529,F200W,z10-15,606.2729194832662,0.0,
11529,F277W,z10-15,675.077604738498,0.0,
11529,F356W,z10-15,7.198597307058253,0.0,
11529,F410M,z10-15,3390.636197015904,0.0,
11529,F444W,z10-15,7054.452776515119,0.0,
11929,F606W,z10-15,-0.6697757095959824,0.0,
11929,F814W,z10-15,-0.4350720604130607,0.0,
11929,F115W,z10-15,2.2680678665930327,0.0,
11929,F150W,z10-15,177.86222036949957,0.0,
11929,F200W,z10-15,4178.720287689078,0.0,
11929,F277W,z10-15,3196.0518437043693,0.0,
11929,F356W,z10-15,4.197273919169609,0.0,
11929,F410M,z10-15,3327.249325064684,0.0,
11929,F444W,z10-15,2683.5710221117774,0.0,
12277,F606W,z10-15,3.050166482193148,0.0,
12277,F814W,z10-15,3.2593122365920344,0.0,
12277,F115W,z10-15,5.211290357365319,0.0,
12277,F150W,z10-15,2157.205142876005,0.0,
12277,F200W,z10-15,-320.4263959170439,0.0,
12277,F277W,z10-15,20293.383564602373,0.0,
12277,F356W,z10-15,5.409774509151493,0.0,
12277,F410M,z10-15,1128.3705016409615,0.0,
12277,F444W,z10-15,7099.904137352735,0.0,
13110,F606W,z10-15,1.508440856583125,0.0,
13110,F814W,z10-15,4.672445851900863,0.0,
13110,F115W,z10-15,3.690346896089033,0.0,
13110,F150W,z10-15,1551.707810196658,0.0,
13110,F200W,z10-15,5521.478562113144,0.0,
13110,F277W,z10-15,4709.982608008686,0.0,
13110,F356W,z10-15,12.507528457667691,0.0,
13110,F410M,z10-15,2541.800099254175,0.0,
13110,F444W,z10-15,7391.201028595808,0.0,
13215,F606W,z10-15,2.7058735619563494,0.0,
13215,F814W,z10-15,-1.4621783222312426,0.0,
13215,F115W,z10-15,-1.2717900011284515,0.0,
13215,F150W,z10-15,62.15015826691069,0.0,
13215,F200W,z10-15,1040.2086327668915,0.0,
13215,F277W,z10-15,1047.666576524767,0.0,
13215,F356W,z10-15,0.6445947495886399,0.0,
13215,F410M,z10-15,8982.421742422739,0.0,
13215,F444W,z10-15,6137.058762053305,0.0,
14252,F606W,z10-15,-0.6939718806317717,0.0,
14252,F814W,z10-15,-1.5303835301065603,0.0,
14252,F115W,z10-15,0.46288765832478335,0.0,
14252,F150W,z10-15,-1401.9602332171119,0.0,
14252,F200W,z10-15,2626.6535698124867,0.0,
14252,F277W,z10-15,3149.4247070803817,0.0,
14252,F356W,z10-15,2.91698111851937,0.0,
14252,F410M,z10-15,2541.1825686048137,0.0,
14252,F444W,z10-15,2208.3414669250456,0.0,
344,F606W,z10-15,0.23533306745961707,0.0,
344,F814W,z10-15,-0.0629183802229405,0.0,
344,F115W,z10-15,0.8729464025790593,0.0,
344,F150W,z10-15,2.515761074361289,0.0,
344,F200W,z10-15,-6.967427515322897,0.0,
344,F277W,z10-15,14.779347027131816,0.0,
344,F356W,z10-15,14.997757922724986,0.0,
344,F410M,z10-15,14.710381377811373,0.0,
344,F444W,z10-15,12.38248914142651,0.0,
447,F606W,z10-15,2.8040997684478652,0.0,
447,F814W,z10-15,-2.6148443656850913,0.0,
447,F115W,z10-15,-0.7588728569183651,0.0,
447,F150W,z10-15,2.0407362093669468,0.0,
447,F200W,z10-15,3.790935313041072,0.0,
447,F277W,z10-15,1.6476215238701366,0.0,
447,F356W,z10-15,4.130802539288784,0.0,
447,F410M,z10-15,10.277001239677535,0.0,
447,F444W,z10-15,1.244555773137418,0.0,
746,F606W,z10-15,4.889895850732573,0.0,
746,F814W,z10-15,3.5457684861471375,0.0,
746,F115W,z10-15,2.4062947714575715,0.0,
746,F150W,z10-15,5.676395464966005,0.0,
746,F200W,z10-15,0.7352576141416814,0.0,
746,F277W,z10-15,48.3710390750076,0.0,
746,F356W,z10-15,51.849575757393495,0.0,
746,F410M,z10-15,20.576164595890038,0.0,
746,F444W,z10-15,27.899346040450855,0.0,
992,F606W,z10-15,0.883716291954369,0.0,
992,F814W,z10-15,-2.0740052047321442,0.0,
992,F115W,z10-15,1.214714305928184,0.0,
992,F150W,z10-15,1.218114146210894,0.0,
992,F200W,z10-15,6.7570512871948,0.0,
992,F277W,z10-15,2.2371104796525882,0.0,
992,F356W,z10-15,6.255617589648735,0.0,
992,F410M,z10-15,7.013072611358368,0.0,
992,F444W,z10-15,2.8811455599057885,0.0,
1033,F606W,z10-15,-1.726739503216709,0.0,
1033,F814W,z10-15,1.892724036488291,0.0,
1033,F115W,z10-15,4.565296826947266,0.0,
1033,F150W,z10-15,2.5734201578265075,0.0,
1033,F200W,z10-15,-1.6948403436219768,0.0,
1033,F277W,z10-15,3.34429588588142,0.0,
1033,F356W,z10-15,5.837670476389422,0.0,
1033,F410M,z10-15,20.999446915083336,0.0,
1033,F444W,z10-15,5.102367304721994,0.0,
3172,F606W,z10-15,0.19657628171205846,0.0,
3172,F814W,z10-15,0.36446299011315364,0.0,
3172,F115W,z10-15,-2.8584998806899944,0.0,
3172,F150W,z10-15,6.281036989177839,0.0,
3172,F200W,z10-15,9.874753470509887,0.0,
3172,F277W,z10-15,8.827218115230174,0.0,
3172,F356W,z10-15,3.9899937106269783,0.0,
3172,F410M,z10-15,2.4194598385672257,0.0,
3172,F444W,z10-15,9.042028123900463,0.0,
3476,F606W,z10-15,2.153760385615526,0.0,
3476,F814W,z10-15,-1.0061076927327337,0.0,
3476,F115W,z10-15,0.09375855470156856,0.0,
3476,F150W,z10-15,4.7588335228712255,0.0,
3476,F200W,z10-15,9.59921609174164,0.0,
3476,F277W,z10-15,5.707707758138438,0.0,
3476,F356W,z10-15,8.640254023237354,0.0,
3476,F410M,z10-15,3.6891401956071213,0.0,
3476,F444W,z10-15,2.9669668965819445,0.0,
3708,F606W,z10-15,-0.3712668578857685,0.0,
3708,F814W,z10-15,0.322997795611069,0.0,
3708,F115W,z10-15,-1.3596167314646028,0.0,
3708,F150W,z10-15,-4.188287410664546,0.0,
3708,F200W,z10-15,-0.27120830644586935,0.0,
3708,F277W,z10-15,1.8172887656890229,0.0,
3708,F356W,z10-15,1.3889924430754603,0.0,
3708,F410M,z10-15,13.45334451643153,0.0,
3708,F444W,z10-15,4.677867034996046,0.0,
4097,F606W,z10-15,-2.8112861365999584,0.0,
4097,F814W,z10-15,1.1925433920146844,0.0,
4097,F115W,z10-15,-0.6106498901586713,0.0,
4097,F150W,z10-15,3.8422165190758566,0.0,
4097,F200W,z10-15,0.18098710594446416,0.0,
4097,F277W,z10-15,2.045832843635602,0.0,
4097,F356W,z10-15,5.424637548922159,0.0,
4097,F410M,z10-15,31.032411133497394,0.0,
4097,F444W,z10-15,0.6049429488933274,0.0,
4660,F606W,z10-15,-2.5226265611910748,0.0,
4660,F814W,z10-15,-1.169433591670994,0.0,
4660,F115W,z10-15,0.0993581124575395,0.0,
4660,F150W,z10-15,1.8168726479508142,0.0,
4660,F200W,z10-15,1.303228847200648,0.0,
4660,F277W,z10-15,6.273621987562353,0.0,
4660,F356W,z10-15,6.69664957024834,0.0,
4660,F410M,z10-15,6.421562259589393,0.0,
4660,F444W,z10-15,6.966698308817836,0.0,
6023,F606W,z10-15,1.8875193684237048,0.0,
6023,F814W,z10-15,0.7806773456625491,0.0,
6023,F115W,z10-15,6.762244051762074,0.0,
6023,F150W,z10-15,4.64305746304307,0.0,
6023,F200W,z10-15,31.273289732419308,0.0,
6023,F277W,z10-15,30.373127497815403,0.0,
6023,F356W,z10-15,5.015987158858492,0.0,
6023,F410M,z10-15,3.3644240765197133,0.0,
6023,F444W,z10-15,-1.156914662492396,0.0,
6760,F606W,z10-15,-0.1707875856592757,0.0,
6760,F814W,z10-15,-0.7859726031926663,0.0,
6760,F115W,z10-15,0.8797298184726723,0.0,
6760,F150W,z10-15,4.0410486149999345,0.0,
6760,F200W,z10-15,12.27052225236686,0.0,
6760,F277W,z10-15,8.692969314683351,0.0,
6760,F356W,z10-15,7.878294246964415,0.0,
6760,F410M,z10-15,-0.031298684696114874,0.0,
6760,F444W,z10-15,13.809816851119837,0.0,
7973,F606W,z10-15,3.7146904361997573,0.0,
7973,F814W,z10-15,-1.9536147409225164,0.0,
7973,F115W,z10-15,-3.0953980750468544,0.0,
7973,F150W,z10-15,2.8471941943426784,0.0,
7973,F200W,z10-15,8.059514532282737,0.0,
7973,F277W,z10-15,4.465552522004324,0.0,
7973,F356W,z10-15,5.528063460616924,0.0,
7973,F410M,z10-15,7.991834956275467,0.0,
7973,F444W,z10-15,-0.3490167786893678,0.0,
9406,F606W,z10-15,-0.33211180317042815,0.0,
9406,F814W,z10-15,-0.25399521985911305,0.0,
9406,F115W,z10-15,-2.2243691122462868,0.0,
9406,F150W,z10-15,0.9556300652476847,0.0,
9406,F200W,z10-15,5.729022431701653,0.0,
9406,F277W,z10-15,7.825472413051677,0.0,
9406,F356W,z10-15,7.823227734880403,0.0,
9406,F410M,z10-15,6.452519970076018,0.0,
9406,F444W,z10-15,2.4565124647678958,0.0,
9959,F606W,z10-15,-0.8724698717839738,0.0,
9959,F814W,z10-15,-0.24425389094855693,0.0,
9959,F115W,z10-15,1.2366675273750296,0.0,
9959,F150W,z10-15,9.271913827853211,0.0,
9959,F200W,z10-15,13.754457327932515,0.0,
9959,F277W,z10-15,8.957519407906732,0.0,
9959,F356W,z10-15,4.882871517621593,0.0,
9959,F410M,z10-15,6.065820011006345,0.0,
9959,F444W,z10-15,6.049440104102277,0.0,
10050,F606W,z10-15,2.191945400191776,0.0,
10050,F814W,z10-15,-1.0305418584727706,0.0,
10050,F115W,z10-15,0.03804178720152716,0.0,
10050,F150W,z10-15,-6.3960461520587,0.0,
10050,F200W,z10-15,3.557476729304566,0.0,
10050,F277W,z10-15,6.377456024814383,0.0,
10050,F356W,z10-15,7.55937583566908,0.0,
10050,F410M,z10-15,9.049275810935843,0.0,
10050,F444W,z10-15,9.10084331428191,0.0,
10226,F606W,z10-15,-1.477879685284077,0.0,
10226,F814W,z10-15,-0.6965452818173853,0.0,
10226,F115W,z10-15,-2.224197120079947,0.0,
10226,F150W,z10-15,0.35403471177784385,0.0,
10226,F200W,z10-15,0.5109136119566765,0.0,
10226,F277W,z10-15,1.66298962754609,0.0,
10226,F356W,z10-15,1.4485769393789547,0.0,
10226,F410M,z10-15,5.258174900754366,0.0,
10226,F444W,z10-15,8.698009091139042,0.0,
10511,F606W,z10-15,-0.6397830407816278,0.0,
10511,F814W,z10-15,-2.2936086161326887,0.0,
10511,F115W,z10-15,-0.06003548797383542,0.0,
10511,F150W,z10-15,1.0395695105888803,0.0,
10511,F200W,z10-15,1.0084031211121476,0.0,
10511,F277W,z10-15,2.3081953419001677,0.0,
10511,F356W,z10-15,4.311486411480356,0.0,
10511,F410M,z10-15,12.755112157568497,0.0,
10511,F444W,z10-15,-1.9033944456339695,0.0,
10878,F606W,z10-15,0.5430868924286474,0.0,
10878,F814W,z10-15,-0.7734935212710984,0.0,
10878,F115W,z10-15,-0.7508300364171788,0.0,
10878,F150W,z10-15,-0.9587158139684263,0.0,
10878,F200W,z10-15,4.013421155050172,0.0,
10878,F277W,z10-15,7.825563292977811,0.0,
10878,F356W,z10-15,8.126765724380768,0.0,
10878,F410M,z10-15,14.604225296816526,0.0,
10878,F444W,z10-15,17.682493087580344,0.0,
11924,F606W,z10-15,0.7384474732273425,0.0,
11924,F814W,z10-15,3.922176623845403,0.0,
11924,F115W,z10-15,2.164005919736065,0.0,
11924,F150W,z10-15,18.306490122612896,0.0,
11924,F200W,z10-15,14.904628296760931,0.0,
11924,F277W,z10-15,18.495922801207847,0.0,
11924,F356W,z10-15,8.541163104978871,0.0,
11924,F410M,z10-15,1.9475565660915841,0.0,
11924,F444W,z10-15,5.077886041604632,0.0,
837,F606W,z10-15,3.5094141849608107,0.0,
837,F814W,z10-15,-0.32687731699483563,0.0,
837,F115W,z10-15,-3.092910686472087,0.0,
837,F150W,z10-15,441.88738511501356,0.0,
837,F200W,z10-15,1277.5983137285768,0.0,
837,F277W,z10-15,1930.070028102362,0.0,
837,F356W,z10-15,5.161314091213812,0.0,
837,F410M,z10-15,-517.301929035982,0.0,
837,F444W,z10-15,20502.59565096218,0.0,
2600,F606W,z10-15,3.0225949305295234,0.0,
2600,F814W,z10-15,2.845714759827225,0.0,
2600,F115W,z10-15,-11.083341526855385,0.0,
2600,F150W,z10-15,-601.4966316934581,0.0,
2600,F200W,z10-15,-1909.1780874326937,0.0,
2600,F277W,z10-15,1503.1670649399268,0.0,
2600,F356W,z10-15,5.608979222664108,0.0,
2600,F410M,z10-15,4781.595278351382,0.0,
2600,F444W,z10-15,6661.688908980174,0.0,
2739,F606W,z10-15,-0.3504818840620475,0.0,
2739,F814W,z10-15,-0.24198500308402088,0.0,
2739,F115W,z10-15,1.955696038833234,0.0,
2739,F150W,z10-15,563.0527372100262,0.0,
2739,F200W,z10-15,-1000.028465842477,0.0,
2739,F277W,z10-15,1577.1377905345462,0.0,
2739,F356W,z10-15,4.911822494064235,0.0,
2739,F410M,z10-15,6865.052481172652,0.0,
2739,F444W,z10-15,3524.3622114766204,0.0,
2903,F606W,z10-15,4.300228349099509,0.0,
2903,F814W,z10-15,2.6538738658619705,0.0,
2903,F115W,z10-15,-11.329459867370177,0.0,
2903,F150W,z10-15,-60.97211440212154,0.0,
2903,F200W,z10-15,748.9992202405892,0.0,
2903,F277W,z10-15,404.9945416820295,0.0,
2903,F356W,z10-15,7.838937810519102,0.0,
2903,F410M,z10-15,2708.4638207303533,0.0,
2903,F444W,z10-15,3684.859345946492,0.0,
4009,F606W,z10-15,-0.5682985393135979,0.0,
4009,F814W,z10-15,1.8987402357589815,0.0,
4009,F115W,z10-15,-0.6106330293352997,0.0,
4009,F150W,z10-15,270.98765259879457,0.0,
4009,F200W,z10-15,374.2685632211872,0.0,
4009,F277W,z10-15,3370.813103155897,0.0,
4009,F356W,z10-15,4.164012780324268,0.0,
4009,F410M,z10-15,3305.4869214753303,0.0,
4009,F444W,z10-15,2276.9137470734954,0.0,
5136,F606W,z10-15,1.0534802209829572,0.0,
5136,F814W,z10-15,1.9656090575335226,0.0,
5136,F115W,z10-15,-12.670619242908982,0.0,
5136,F150W,z10-15,18.562681268569875,0.0,
5136,F200W,z10-15,32.39433242949585,0.0,
5136,F277W,z10-15,1852.7533446502596,0.0,
5136,F356W,z10-15,4.7527614547060075,0.0,
5136,F410M,z10-15,11238.649258505076,0.0,
5136,F444W,z10-15,190.6294787571616,0.0,
6181,F606W,z10-15,1.5662449939554561,0.0,
6181,F814W,z10-15,1.6329154224330176,0.0,
6181,F115W,z10-15,4.370181800175115,0.0,
6181,F150W,z10-15,2503.624690924685,0.0,
6181,F200W,z10-15,3625.879642557945,0.0,
6181,F277W,z10-15,5231.768209661126,0.0,
6181,F356W,z10-15,7.85374396004713,0.0,
6181,F410M,z10-15,3702.8077151196367,0.0,
6181,F444W,z10-15,3682.07267231655,0.0,
6382,F606W,z10-15,-5.360709804958881,0.0,
6382,F814W,z10-15,-0.7787090565394497,0.0,
6382,F115W,z10-15,1.6655004543139071,0.0,
6382,F150W,z10-15,-807.7678695023325,0.0,
6382,F200W,z10-15,2103.5391944193075,0.0,
6382,F277W,z10-15,2657.1078463073195,0.0,
6382,F356W,z10-15,6.694630816744384,0.0,
6382,F410M,z10-15,2315.5832956469744,0.0,
6382,F444W,z10-15,11260.300397670353,0.0,
6647,F606W,z10-15,0.10112099611936787,0.0,
6647,F814W,z10-15,0.8537465539042575,0.0,
6647,F115W,z10-15,-4.3028974481237,0.0,
6647,F150W,z10-15,-810.8915586760255,0.0,
6647,F200W,z10-15,3155.9420596412233,0.0,
6647,F277W,z10-15,5995.955392489425,0.0,
6647,F356W,z10-15,13.602276745543023,0.0,
6647,F410M,z10-15,1348.1657790150161,0.0,
6647,F444W,z10-15,5533.918216901661,0.0,
6657,F606W,z10-15,1.926023520892655,0.0,
6657,F814W,z10-15,2.3913144730604627,0.0,
6657,F115W,z10-15,0.2935773070197839,0.0,
6657,F150W,z10-15,1330.3848855048768,0.0,
6657,F200W,z10-15,4408.470848325831,0.0,
6657,F277W,z10-15,4493.380931979723,0.0,
6657,F356W,z10-15,10.633984571644197,0.0,
6657,F410M,z10-15,3249.4091714430097,0.0,
6657,F444W,z10-15,5073.423308717426,0.0,
7326,F606W,z10-15,0.23677797909435097,0.0,
7326,F814W,z10-15,2.4581286548764347,0.0,
7326,F115W,z10-15,-3.149214680701529,0.0,
7326,F150W,z10-15,204.7768638156445,0.0,
7326,F200W,z10-15,-129.00129162643069,0.0,
7326,F277W,z10-15,2189.1572260765197,0.0,
7326,F356W,z10-15,2.1120809650378245,0.0,
7326,F410M,z10-15,3539.765206844436,0.0,
7326,F444W,z10-15,6996.396433268902,0.0,
7447,F606W,z10-15,0.9223968903204804,0.0,
7447,F814W,z10-15,2.451547665082372,0.0,
7447,F115W,z10-15,9.175355607684486,0.0,
7447,F150W,z10-15,714.0126374349484,0.0,
7447,F200W,z10-15,5043.282911212844,0.0,
7447,F277W,z10-15,3506.219756253069,0.0,
7447,F356W,z10-15,10.11829326454747,0.0,
7447,F410M,z10-15,1039.7972660775786,0.0,
7447,F444W,z10-15,2091.624877653399,0.0,
8564,F606W,z10-15,-1.3316111828281212,0.0,
8564,F814W,z10-15,-2.8047594581559903,0.0,
8564,F115W,z10-15,0.7215105493192465,0.0,
8564,F150W,z10-15,203.01953458273792,0.0,
8564,F200W,z10-15,1869.6192104111658,0.0,
8564,F277W,z10-15,718.4169223507198,0.0,
8564,F356W,z10-15,3.3948733127088193,0.0,
8564,F410M,z10-15,3365.5098292142884,0.0,
8564,F444W,z10-15,4694.197582364578,0.0,
9387,F606W,z10-15,-0.6053774759934107,0.0,
9387,F814W,z10-15,2.708249430735415,0.0,
9387,F115W,z10-15,7.260776644820248,0.0,
9387,F150W,z10-15,418.4816107812074,0.0,
9387,F200W,z10-15,3536.249616489297,0.0,
9387,F277W,z10-15,2784.660969572728,0.0,
9387,F356W,z10-15,8.605635712029658,0.0,
9387,F410M,z10-15,1220.766530869766,0.0,
9387,F444W,z10-15,9762.035251088895,0.0,
10442,F606W,z10-15,0.1851478645017447,0.0,
10442,F814W,z10-15,0.653199741361862,0.0,
10442,F115W,z10-15,1.954083992397015,0.0,
10442,F150W,z10-15,105.9104531854327,0.0,
10442,F200W,z10-15,1791.6709361280634,0.0,
10442,F277W,z10-15,2074.5010248307917,0.0,
10442,F356W,z10-15,4.230165512910949,0.0,
10442,F410M,z10-15,1291.3368415916632,0.0,
10442,F444W,z10-15,3175.8186605834426,0.0,
12450,F606W,z10-15,-0.1578028377000996,0.0,
12450,F814W,z10-15,0.6175292477596798,0.0,
12450,F115W,z10-15,0.33017662935069636,0.0,
12450,F150W,z10-15,-1869.7902619241772,0.0,
12450,F200W,z10-15,300.1244196909128,0.0,
12450,F277W,z10-15,4.1800950926618885,0.0,
12450,F356W,z10-15,3.7451528069121554,0.0,
12450,F410M,z10-15,3859.132117686997,0.0,
12450,F444W,z10-15,7064.398109806597,0.0,
15129,F606W,z10-15,3.9868521907801084,0.0,
15129,F814W,z10-15,5.3316515771083095,0.0,
15129,F115W,z10-15,6.57142886386759,0.0,
15129,F150W,z10-15,1248.2361951673702,0.0,
15129,F200W,z10-15,6748.162569649017,0.0,
15129,F277W,z10-15,5440.1436931082135,0.0,
15129,F356W,z10-15,10.756858496062836,0.0,
15129,F410M,z10-15,3148.476838959535,0.0,
15129,F444W,z10-15,4936.107201792008,0.0,
15421,F606W,z10-15,-1.8514256207542144,0.0,
15421,F814W,z10-15,1.6329359032899136,0.0,
15421,F115W,z10-15,0.4206560947789908,0.0,
15421,F150W,z10-15,-2027.5485218339547,0.0,
15421,F200W,z10-15,380.2446658906841,0.0,
15421,F277W,z10-15,1772.0733975494447,0.0,
15421,F356W,z10-15,5.966324910508116,0.0,
15421,F410M,z10-15,9110.378040506112,0.0,
15421,F444W,z10-15,3928.658765523382,0.0,
15689,F606W,z10-15,0.34977849273728506,0.0,
15689,F814W,z10-15,-0.17338960538677586,0.0,
15689,F115W,z10-15,-1.01248920535567,0.0,
15689,F150W,z10-15,574.580705678061,0.0,
15689,F200W,z10-15,1097.8436444184667,0.0,
15689,F277W,z10-15,1990.279670169102,0.0,
15689,F356W,z10-15,0.849776129909123,0.0,
15689,F410M,z10-15,4702.026527375859,0.0,
15689,F444W,z10-15,328.4749175731426,0.0,
15859,F606W,z10-15,-1.9864877118678048,0.0,
15859,F814W,z10-15,0.08347280967118618,0.0,
15859,F115W,z10-15,-5.016204693757591,0.0,
15859,F150W,z10-15,-128.68170229259317,0.0,
15859,F200W,z10-15,1486.5121399962259,0.0,
15859,F277W,z10-15,5400.055121010317,0.0,
15859,F356W,z10-15,2.8635789290227005,0.0,
15859,F410M,z10-15,6933.3280413132825,0.0,
15859,F444W,z10-15,23848.68670374265,0.0,
2115,F606W,z10-15,1.683533937909371,0.0,
2115,F814W,z10-15,-2.5150231537174648,0.0,
2115,F115W,z10-15,1.0244609441301014,0.0,
2115,F150W,z10-15,1280.80213939787,0.0,
2115,F200W,z10-15,3404.711581825861,0.0,
2115,F277W,z10-15,2813.629891867236,0.0,
2115,F356W,z10-15,3.681814555088729,0.0,
2115,F410M,z10-15,5503.296507201121,0.0,
2115,F444W,z10-15,2908.477687873666,0.0,
2414,F606W,z10-15,-0.18303736173619314,0.0,
2414,F814W,z10-15,0.049570078601517305,0.0,
2414,F115W,z10-15,-2.483407295766,0.0,
2414,F150W,z10-15,-278.6836975157613,0.0,
2414,F200W,z10-15,-629.2896193928851,0.0,
2414,F277W,z10-15,4729.1009090013295,0.0,
2414,F356W,z10-15,5.992537152566915,0.0,
2414,F410M,z10-15,4388.455806254116,0.0,
2414,F444W,z10-15,9203.475532664956,0.0,
2819,F606W,z10-15,0.11345224314059993,0.0,
2819,F814W,z10-15,1.1805594953125853,0.0,
2819,F115W,z10-15,-3.6370972953862024,0.0,
2819,F150W,z10-15,-416.8119916803621,0.0,
2819,F200W,z10-15,2407.3973788620124,0.0,
2819,F277W,z10-15,2119.5024575814,0.0,
2819,F356W,z10-15,-0.06585868128519236,0.0,
2819,F410M,z10-15,1950.7162391232605,0.0,
2819,F444W,z10-15,4167.856058876796,0.0,
3126,F606W,z10-15,0.30808676176539584,0.0,
3126,F814W,z10-15,-0.7334427562404244,0.0,
3126,F115W,z10-15,5.573514977670142,0.0,
3126,F150W,z10-15,539.7849504423809,0.0,
3126,F200W,z10-15,682.2431815408214,0.0,
3126,F277W,z10-15,3832.9984230415644,0.0,
3126,F356W,z10-15,4.300649977897477,0.0,
3126,F410M,z10-15,4565.936527114647,0.0,
3126,F444W,z10-15,15073.146307041598,0.0,
4658,F606W,z10-15,-3.582065567252348,0.0,
4658,F814W,z10-15,-1.1920387262977694,0.0,
4658,F115W,z10-15,0.37602159641010857,0.0,
4658,F150W,z10-15,644.3087936013538,0.0,
4658,F200W,z10-15,590.0635481138413,0.0,
4658,F277W,z10-15,-33.51040961232973,0.0,
4658,F356W,z10-15,5.49033026312725,0.0,
4658,F410M,z10-15,4879.267894145725,0.0,
4658,F444W,z10-15,9737.259211486993,0.0,
4728,F606W,z10-15,0.39695113014311634,0.0,
4728,F814W,z10-15,2.271438722588504,0.0,
4728,F115W,z10-15,2.661629135800855,0.0,
4728,F150W,z10-15,342.74363588994026,0.0,
4728,F200W,z10-15,3284.6103625820356,0.0,
4728,F277W,z10-15,4373.204627380654,0.0,
4728,F356W,z10-15,9.71048452811266,0.0,
4728,F410M,z10-15,6802.154959844436,0.0,
4728,F444W,z10-15,6020.816909182867,0.0,
5721,F606W,z10-15,1.9455657376552562,0.0,
5721,F814W,z10-15,-1.5207835493312056,0.0,
5721,F115W,z10-15,-1.2039356254377607,0.0,
5721,F150W,z10-15,1301.019874363213,0.0,
5721,F200W,z10-15,6396.703482164012,0.0,
5721,F277W,z10-15,-589.701248634636,0.0,
5721,F356W,z10-15,0.8863620709049619,0.0,
5721,F410M,z10-15,3565.573801538311,0.0,
5721,F444W,z10-15,8868.659171097712,0.0,
6083,F606W,z10-15,0.4308026173760972,0.0,
6083,F814W,z10-15,0.4960066003546834,0.0,
6083,F115W,z10-15,-3.655737735730844,0.0,
6083,F150W,z10-15,216.661234074876,0.0,
6083,F200W,z10-15,2323.7609945282434,0.0,
6083,F277W,z10-15,5217.47569138713,0.0,
6083,F356W,z10-15,1.5162105738227072,0.0,
6083,F410M,z10-15,11093.164425366447,0.0,
6083,F444W,z10-15,496.0762532443948,0.0,
6224,F606W,z10-15,2.3209718473384147,0.0,
6224,F814W,z10-15,0.9967452430475311,0.0,
6224,F115W,z10-15,12.9033788951892,0.0,
6224,F150W,z10-15,-189.57431437332042,0.0,
6224,F200W,z10-15,3308.460862680711,0.0,
6224,F277W,z10-15,7113.138807964805,0.0,
6224,F356W,z10-15,19.665511563103436,0.0,
6224,F410M,z10-15,3115.2806340236584,0.0,
6224,F444W,z10-15,10641.849209951748,0.0,
6987,F606W,z10-15,0.2619447198916813,0.0,
6987,F814W,z10-15,-0.97969589855121,0.0,
6987,F115W,z10-15,12.350814572996041,0.0,
6987,F150W,z10-15,2989.3244321225866,0.0,
6987,F200W,z10-15,9314.56820706161,0.0,
6987,F277W,z10-15,12470.68654258831,0.0,
6987,F356W,z10-15,30.731441703942732,0.0,
6987,F410M,z10-15,13380.628007635305,0.0,
6987,F444W,z10-15,21540.140676371437,0.0,
7140,F606W,z10-15,-0.9354063179247477,0.0,
7140,F814W,z10-15,-1.7594168865893465,0.0,
7140,F115W,z10-15,5.604724478704467,0.0,
7140,F150W,z10-15,-165.4454010309033,0.0,
7140,F200W,z10-15,1145.970286813396,0.0,
7140,F277W,z10-15,2685.0218216083513,0.0,
7140,F356W,z10-15,8.444271991213206,0.0,
7140,F410M,z10-15,3524.7300080596624,0.0,
7140,F444W,z10-15,3874.822673249372,0.0,
7675,F606W,z10-15,5.850559393469563,0.0,
7675,F814W,z10-15,6.976498502355542,0.0,
7675,F115W,z10-15,-1.205988654039711,0.0,
7675,F150W,z10-15,750.6518725642994,0.0,
7675,F200W,z10-15,7930.21433496615,0.0,
7675,F277W,z10-15,10288.317059495766,0.0,
7675,F356W,z10-15,18.446706103351787,0.0,
7675,F410M,z10-15,4128.5472738418375,0.0,
7675,F444W,z10-15,17020.403190855508,0.0,
7789,F606W,z10-15,1.8101863165494574,0.0,
7789,F814W,z10-15,-1.6531123364456983,0.0,
7789,F115W,z10-15,-2.066383634454723,0.0,
7789,F150W,z10-15,988.6231396575276,0.0,
7789,F200W,z10-15,-407.7798996450995,0.0,
7789,F277W,z10-15,1420.5533048045827,0.0,
7789,F356W,z10-15,-0.6236656448782979,0.0,
7789,F410M,z10-15,5215.287316875326,0.0,
7789,F444W,z10-15,8690.26531974461,0.0,
8814,F606W,z10-15,1.1173100117950798,0.0,
8814,F814W,z10-15,1.2388401270128098,0.0,
8814,F115W,z10-15,1.3780111614826511,0.0,
8814,F150W,z10-15,-1572.8901964574447,0.0,
8814,F200W,z10-15,-707.1076601766235,0.0,
8814,F277W,z10-15,192.68364707676648,0.0,
8814,F356W,z10-15,5.082615356369548,0.0,
8814,F410M,z10-15,8088.801105758369,0.0,
8814,F444W,z10-15,643.083661433599,0.0,
8922,F606W,z10-15,5.741342824943042,0.0,
8922,F814W,z10-15,-2.474595672383329,0.0,
8922,F115W,z10-15,-2.4491861138987563,0.0,
8922,F150W,z10-15,875.0512521353919,0.0,
8922,F200W,z10-15,6923.093864215622,0.0,
8922,F277W,z10-15,9197.411928882404,0.0,
8922,F356W,z10-15,10.995779704712527,0.0,
8922,F410M,z10-15,12907.204969936038,0.0,
8922,F444W,z10-15,6595.282521798727,0.0,
8938,F606W,z10-15,-1.4824202340966215,0.0,
8938,F814W,z10-15,-4.561344697346032,0.0,
8938,F115W,z10-15,-2.0696364866188195,0.0,
8938,F150W,z10-15,-173.05138654586122,0.0,
8938,F200W,z10-15,2014.6390711761735,0.0,
8938,F277W,z10-15,2135.4891148224983,0.0,
8938,F356W,z10-15,3.294146620299241,0.0,
8938,F410M,z10-15,2688.7299834860014,0.0,
8938,F444W,z10-15,6912.036765353129,0.0,
11183,F606W,z10-15,-1.277800554657835,0.0,
11183,F814W,z10-15,-3.1395392151316357,0.0,
11183,F115W,z10-15,8.419031899541883,0.0,
11183,F150W,z10-15,634.9679158575976,0.0,
11183,F200W,z10-15,8306.24021048444,0.0,
11183,F277W,z10-15,9530.622363533337,0.0,
11183,F356W,z10-15,11.65717242730471,0.0,
11183,F410M,z10-15,6933.550136613423,0.0,
11183,F444W,z10-15,18390.57925800535,0.0,
12484,F606W,z10-15,0.1501930791639285,0.0,
12484,F814W,z10-15,-2.2726172630052095,0.0,
12484,F115W,z10-15,2.9838836719038886,0.0,
12484,F150W,z10-15,768.4072243949977,0.0,
12484,F200W,z10-15,170.1319089915164,0.0,
12484,F277W,z10-15,5594.720057987802,0.0,
12484,F356W,z10-15,5.45846203134755,0.0,
12484,F410M,z10-15,3458.6824491438188,0.0,
12484,F444W,z10-15,9443.54624501759,0.0,
14040,F606W,z10-15,-1.858421916919036,0.0,
14040,F814W,z10-15,-1.0139856672933258,0.0,
14040,F115W,z10-15,-0.44103958501903673,0.0,
14040,F150W,z10-15,-115.03836605424989,0.0,
14040,F200W,z10-15,-231.25916974741003,0.0,
14040,F277W,z10-15,2174.248675327709,0.0,
14040,F356W,z10-15,0.81933213607528,0.0,
14040,F410M,z10-15,4484.801293413057,0.0,
14040,F444W,z10-15,19213.786581840093,0.0,
15197,F606W,z10-15,0.5289359613807892,0.0,
15197,F814W,z10-15,1.1521513639317913,0.0,
15197,F115W,z10-15,8.990180023877256,0.0,
15197,F150W,z10-15,531.0070167911854,0.0,
15197,F200W,z10-15,3194.763689742221,0.0,
15197,F277W,z10-15,3534.0190446810366,0.0,
15197,F356W,z10-15,12.089205597757728,0.0,
15197,F410M,z10-15,4576.575846082881,0.0,
15197,F444W,z10-15,637.5197697596749,0.0,
867,F606W,z10-15,0.7132357042613338,0.0,
867,F814W,z10-15,3.795007847647017,0.0,
867,F115W,z10-15,-5.1197918558007105,0.0,
867,F150W,z10-15,-716.8212268725185,0.0,
867,F200W,z10-15,470.0451364260161,0.0,
867,F277W,z10-15,11.419856098839277,0.0,
867,F356W,z10-15,1.9426149351843671,0.0,
867,F410M,z10-15,3436.506943020023,0.0,
867,F444W,z10-15,8371.079006755926,0.0,
1469,F606W,z10-15,-1.779448987624859,0.0,
1469,F814W,z10-15,1.5166450708586983,0.0,
1469,F115W,z10-15,-0.30589253033946456,0.0,
1469,F150W,z10-15,-744.8113127791044,0.0,
1469,F200W,z10-15,75.54645209740626,0.0,
1469,F277W,z10-15,1188.9951244051783,0.0,
1469,F356W,z10-15,4.516657407302426,0.0,
1469,F410M,z10-15,7737.647910146299,0.0,
1469,F444W,z10-15,7282.353247859775,0.0,
2485,F606W,z10-15,5.666773931689438,0.0,
2485,F814W,z10-15,-0.3209958103137294,0.0,
2485,F115W,z10-15,4.8046321729630845,0.0,
2485,F150W,z10-15,1321.1212842171835,0.0,
2485,F200W,z10-15,4699.874816298582,0.0,
2485,F277W,z10-15,6361.458178887994,0.0,
2485,F356W,z10-15,12.793558709713317,0.0,
2485,F410M,z10-15,4802.057050875682,0.0,
2485,F444W,z10-15,7089.803670793049,0.0,
3031,F606W,z10-15,3.7450354830820554,0.0,
3031,F814W,z10-15,0.2995214561662813,0.0,
3031,F115W,z10-15,2.7253097474610346,0.0,
3031,F150W,z10-15,-353.5704510968292,0.0,
3031,F200W,z10-15,7779.668711127901,0.0,
3031,F277W,z10-15,9826.681906539949,0.0,
3031,F356W,z10-15,20.62615355868337,0.0,
3031,F410M,z10-15,12064.628036835202,0.0,
3031,F444W,z10-15,20725.673078854514,0.0,
4354,F606W,z10-15,-3.855734490351648,0.0,
4354,F814W,z10-15,0.5616633764610643,0.0,
4354,F115W,z10-15,1.1817269348879818,0.0,
4354,F150W,z10-15,-176.193117307933,0.0,
4354,F200W,z10-15,-1272.902761167607,0.0,
4354,F277W,z10-15,6731.500402900886,0.0,
4354,F356W,z10-15,1.3184811392180373,0.0,
4354,F410M,z10-15,3663.580682794716,0.0,
4354,F444W,z10-15,21042.667726760512,0.0,
4657,F606W,z10-15,1.0412741864397745,0.0,
4657,F814W,z10-15,-0.9956129013932483,0.0,
4657,F115W,z10-15,-0.5599516447682261,0.0,
4657,F150W,z10-15,22.144437311426465,0.0,
4657,F200W,z10-15,-253.76345971922447,0.0,
4657,F277W,z10-15,1970.126349717969,0.0,
4657,F356W,z10-15,5.099288169853902,0.0,
4657,F410M,z10-15,7188.655152404611,0.0,
4657,F444W,z10-15,2178.1020688487733,0.0,
5919,F606W,z10-15,-0.14725789106483136,0.0,
5919,F814W,z10-15,1.8413242752481505,0.0,
5919,F115W,z10-15,-2.6702369281630376,0.0,
5919,F150W,z10-15,1037.30340453434,0.0,
5919,F200W,z10-15,1403.7550107935153,0.0,
5919,F277W,z10-15,-94.70105827185603,0.0,
5919,F356W,z10-15,2.584081809978946,0.0,
5919,F410M,z10-15,3143.2060301527054,0.0,
5919,F444W,z10-15,5704.474376066885,0.0,
6410,F606W,z10-15,1.9019665296841881,0.0,
6410,F814W,z10-15,-0.4141670515753928,0.0,
6410,F115W,z10-15,-1.115901653022816,0.0,
6410,F150W,z10-15,-781.8509753785128,0.0,
6410,F200W,z10-15,-951.8214199616377,0.0,
6410,F277W,z10-15,-1248.8201813896474,0.0,
6410,F356W,z10-15,5.758824069359437,0.0,
6410,F410M,z10-15,18928.01233650173,0.0,
6410,F444W,z10-15,3485.970838026043,0.0,
6682,F606W,z10-15,3.969832266940446,0.0,
6682,F814W,z10-15,-5.167310806793754,0.0,
6682,F115W,z10-15,-4.303493070672876,0.0,
6682,F150W,z10-15,-925.0170596194795,0.0,
6682,F200W,z10-15,-16.19845579158834,0.0,
6682,F277W,z10-15,2273.3130460390694,0.0,
6682,F356W,z10-15,2.219770035811924,0.0,
6682,F410M,z10-15,3865.7406183281228,0.0,
6682,F444W,z10-15,7884.777349945549,0.0,
6816,F606W,z10-15,3.3994420162043597,0.0,
6816,F814W,z10-15,-1.7766558236593384,0.0,
6816,F115W,z10-15,3.0060769184019374,0.0,
6816,F150W,z10-15,1498.3385731259712,0.0,
6816,F200W,z10-15,4611.618585261798,0.0,
6816,F277W,z10-15,6196.313294443284,0.0,
6816,F356W,z10-15,13.716794995314151,0.0,
6816,F410M,z10-15,2761.6297579127977,0.0,
6816,F444W,z10-15,8600.997617007046,0.0,
6935,F606W,z10-15,2.8592054206558912,0.0,
6935,F814W,z10-15,1.3811584089323097,0.0,
6935,F115W,z10-15,-0.4904758470422126,0.0,
6935,F150W,z10-15,1453.8101331300538,0.0,
6935,F200W,z10-15,2411.2311955311216,0.0,
6935,F277W,z10-15,5684.6193992430235,0.0,
6935,F356W,z10-15,3.049378030366511,0.0,
6935,F410M,z10-15,74.82131424636646,0.0,
6935,F444W,z10-15,8023.274927638083,0.0,
7288,F606W,z10-15,0.7310961938864956,0.0,
7288,F814W,z10-15,0.6890359294171563,0.0,
7288,F115W,z10-15,5.984675742647128,0.0,
7288,F150W,z10-15,1529.1498793817216,0.0,
7288,F200W,z10-15,4626.057267947274,0.0,
7288,F277W,z10-15,6895.323291492072,0.0,
7288,F356W,z10-15,13.306404248607457,0.0,
7288,F410M,z10-15,2000.2161336700838,0.0,
7288,F444W,z10-15,7653.32460699225,0.0,
8858,F606W,z10-15,-3.5109857405522495,0.0,
8858,F814W,z10-15,0.12103046064161495,0.0,
8858,F115W,z10-15,0.4941491651677546,0.0,
8858,F150W,z10-15,-568.3530562934238,0.0,
8858,F200W,z10-15,498.81180185838474,0.0,
8858,F277W,z10-15,2265.328028072421,0.0,
8858,F356W,z10-15,3.4268923661727744,0.0,
8858,F410M,z10-15,4147.255920260748,0.0,
8858,F444W,z10-15,374.65049707885714,0.0,
9972,F606W,z10-15,4.442352298287774,0.0,
9972,F814W,z10-15,1.144628586097913,0.0,
9972,F115W,z10-15,1.8413001589764217,0.0,
9972,F150W,z10-15,-768.8030820730002,0.0,
9972,F200W,z10-15,1328.695040196335,0.0,
9972,F277W,z10-15,2097.3278931004425,0.0,
9972,F356W,z10-15,11.355321198346633,0.0,
9972,F410M,z10-15,7987.310124552744,0.0,
9972,F444W,z10-15,18966.417805913516,0.0,
10182,F606W,z10-15,1.6047717661799767,0.0,
10182,F814W,z10-15,0.5058125514866366,0.0,
10182,F115W,z10-15,-3.6983454972192145,0.0,
10182,F150W,z10-15,684.3417660728826,0.0,
10182,F200W,z10-15,16.115455970577695,0.0,
10182,F277W,z10-15,2473.160934451908,0.0,
10182,F356W,z10-15,0.25092680425364944,0.0,
10182,F410M,z10-15,3571.9227282981205,0.0,
10182,F444W,z10-15,11471.62651726355,0.0,
12539,F606W,z10-15,2.4367526381993425,0.0,
12539,F814W,z10-15,-1.8149438763971384,0.0,
12539,F115W,z10-15,-1.1941380391978405,0.0,
12539,F150W,z10-15,-1699.6309511067755,0.0,
12539,F200W,z10-15,211.57051389203284,0.0,
12539,F277W,z10-15,1779.3903519593416,0.0,
12539,F356W,z10-15,5.554774037172162,0.0,
12539,F410M,z10-15,5979.590696744565,0.0,
12539,F444W,z10-15,11742.32145389508,0.0,
12592,F606W,z10-15,-0.913278216653141,0.0,
12592,F814W,z10-15,-0.3641851366176607,0.0,
12592,F115W,z10-15,1.5337907318296338,0.0,
12592,F150W,z10-15,2941.8253246202435,0.0,
12592,F200W,z10-15,1563.206048647469,0.0,
12592,F277W,z10-15,4010.1953328120226,0.0,
12592,F356W,z10-15,10.262090739039719,0.0,
12592,F410M,z10-15,10319.371870237317,0.0,
12592,F444W,z10-15,13801.131485576581,0.0,
12845,F606W,z10-15,2.569443267364704,0.0,
12845,F814W,z10-15,1.4812792950856424,0.0,
12845,F115W,z10-15,5.258561361431873,0.0,
12845,F150W,z10-15,436.80478042145376,0.0,
12845,F200W,z10-15,-325.19278733157154,0.0,
12845,F277W,z10-15,1583.307546629794,0.0,
12845,F356W,z10-15,-0.059345320029326194,0.0,
12845,F410M,z10-15,3411.622307617159,0.0,
12845,F444W,z10-15,5760.2815002922025,0.0,
13859,F606W,z10-15,2.883600253580354,0.0,
13859,F814W,z10-15,2.4582788155336828,0.0,
13859,F115W,z10-15,4.451631316671667,0.0,
13859,F150W,z10-15,1824.0591793300293,0.0,
13859,F200W,z10-15,3221.131532085238,0.0,
13859,F277W,z10-15,2489.02258528119,0.0,
13859,F356W,z10-15,6.420343812911887,0.0,
13859,F410M,z10-15,1598.714957658196,0.0,
13859,F444W,z10-15,1463.4946260838149,0.0,
14820,F606W,z10-15,0.3865274050552878,0.0,
14820,F814W,z10-15,0.3373531760582841,0.0,
14820,F115W,z10-15,4.98558373319471,0.0,
14820,F150W,z10-15,30.989697088879897,0.0,
14820,F200W,z10-15,-251.82126258831696,0.0,
14820,F277W,z10-15,1848.339291282835,0.0,
14820,F356W,z10-15,3.0159280640901067,0.0,
14820,F410M,z10-15,4003.77327952489,0.0,
14820,F444W,z10-15,4795.006026925252,0.0,
292,F606W,z10-15,-1.9733844733799928,0.0,
292,F814W,z10-15,2.3894673722623616,0.0,
292,F115W,z10-15,-0.44558531891471176,0.0,
292,F150W,z10-15,1.642666066001629,0.0,
292,F200W,z10-15,6.056257723018881,0.0,
292,F277W,z10-15,12.07155095935667,0.0,
292,F356W,z10-15,12.535017160112867,0.0,
292,F410M,z10-15,7.274934204302402,0.0,
292,F444W,z10-15,9.4065743894569,0.0,
440,F606W,z10-15,3.3537703110411194,0.0,
440,F814W,z10-15,0.9991215619039215,0.0,
440,F115W,z10-15,-2.0314850213664175,0.0,
440,F150W,z10-15,4.636434871636312,0.0,
440,F200W,z10-15,-1.7455887245453596,0.0,
440,F277W,z10-15,5.8290296839298374,0.0,
440,F356W,z10-15,561.6271151597692,0.0,
440,F410M,z10-15,352.5759420310341,0.0,
440,F444W,z10-15,167.73287834417565,0.0,
988,F606W,z10-15,-1.2929627336949006,0.0,
988,F814W,z10-15,-2.713182287827248,0.0,
988,F115W,z10-15,0.9872071259307061,0.0,
988,F150W,z10-15,3.7679476933252496,0.0,
988,F200W,z10-15,-1.2885903268116956,0.0,
988,F277W,z10-15,12.974432660675616,0.0,
988,F356W,z10-15,10.025414669635971,0.0,
988,F410M,z10-15,8.726796995508272,0.0,
988,F444W,z10-15,10.863414705958682,0.0,
1513,F606W,z10-15,2.641227052105432,0.0,
1513,F814W,z10-15,-3.1110760541490623,0.0,
1513,F115W,z10-15,-1.3127992108798545,0.0,
1513,F150W,z10-15,2.3308030221419758,0.0,
1513,F200W,z10-15,2.222622805525889,0.0,
1513,F277W,z10-15,19.30179374447599,0.0,
1513,F356W,z10-15,12.134602108375523,0.0,
1513,F410M,z10-15,-0.18608376129844112,0.0,
1513,F444W,z10-15,5.180390590941576,0.0,
2621,F606W,z10-15,-1.875703081953887,0.0,
2621,F814W,z10-15,-0.12345761590171386,0.0,
2621,F115W,z10-15,3.6907503400937145,0.0,
2621,F150W,z10-15,0.8436812735350177,0.0,
2621,F200W,z10-15,0.8619710328351182,0.0,
2621,F277W,z10-15,15.32498169181921,0.0,
2621,F356W,z10-15,13.136856003695812,0.0,
2621,F410M,z10-15,4.023825897871699,0.0,
2621,F444W,z10-15,16.06747873913591,0.0,
3693,F606W,z10-15,4.0211534673344955,0.0,
3693,F814W,z10-15,0.5481696229534186,0.0,
3693,F115W,z10-15,-1.5996646373045729,0.0,
3693,F150W,z10-15,-4.782439103605067,0.0,
3693,F200W,z10-15,11.867614561381446,0.0,
3693,F277W,z10-15,7.633098739344072,0.0,
3693,F356W,z10-15,0.7127138986298712,0.0,
3693,F410M,z10-15,3.574550738081603,0.0,
3693,F444W,z10-15,3.67047331848585,0.0,
4464,F606W,z10-15,-1.514306935595682,0.0,
4464,F814W,z10-15,0.9788082196908258,0.0,
4464,F115W,z10-15,-2.0605248768813,0.0,
4464,F150W,z10-15,-1.145632923816129,0.0,
4464,F200W,z10-15,25.135275219151872,0.0,
4464,F277W,z10-15,22.52331375601612,0.0,
4464,F356W,z10-15,13.461671667083477,0.0,
4464,F410M,z10-15,4.248843867300242,0.0,
4464,F444W,z10-15,10.301047639474547,0.0,
5066,F606W,z10-15,0.8030987599092109,0.0,
5066,F814W,z10-15,1.7990680247781032,0.0,
5066,F115W,z10-15,-3.5786132830377375,0.0,
5066,F150W,z10-15,-2.1706229758376563,0.0,
5066,F200W,z10-15,-4.324480428491315,0.0,
5066,F277W,z10-15,4.095585424447378,0.0,
5066,F356W,z10-15,1.844236799923974,0.0,
5066,F410M,z10-15,45.395524795242906,0.0,
5066,F444W,z10-15,3.085951190142325,0.0,
5597,F606W,z10-15,-2.172372498157717,0.0,
5597,F814W,z10-15,0.4151079254489559,0.0,
5597,F115W,z10-15,-1.8382163632821198,0.0,
5597,F150W,z10-15,3.132636285498104,0.0,
5597,F200W,z10-15,5.368809292856413,0.0,
5597,F277W,z10-15,1.5931568423398945,0.0,
5597,F356W,z10-15,5.3679069381715445,0.0,
5597,F410M,z10-15,2.7611590498162033,0.0,
5597,F444W,z10-15,6.938190413043495,0.0,
6053,F606W,z10-15,-0.4174311778901558,0.0,
6053,F814W,z10-15,0.39075781226550066,0.0,
6053,F115W,z10-15,-1.9823624020583703,0.0,
6053,F150W,z10-15,0.45974243147211985,0.0,
6053,F200W,z10-15,-9.788017666793527,0.0,
6053,F277W,z10-15,14.738319623913323,0.0,
6053,F356W,z10-15,7.11388965278703,0.0,
6053,F410M,z10-15,1.0374130081985882,0.0,
6053,F444W,z10-15,5.795691015798586,0.0,
6834,F606W,z10-15,1.4891197665679294,0.0,
6834,F814W,z10-15,2.512845648910661,0.0,
6834,F115W,z10-15,-3.501945634662526,0.0,
6834,F150W,z10-15,1.4010269405823002,0.0,
6834,F200W,z10-15,-1.0343699478569974,0.0,
6834,F277W,z10-15,8.342420475583406,0.0,
6834,F356W,z10-15,5.902858561685447,0.0,
6834,F410M,z10-15,1.7840959265137621,0.0,
6834,F444W,z10-15,8.479526670066466,0.0,
7011,F606W,z10-15,-2.404421382466058,0.0,
7011,F814W,z10-15,0.7778516030990625,0.0,
7011,F115W,z10-15,-1.115611967156126,0.0,
7011,F150W,z10-15,2.1086836036856327,0.0,
7011,F200W,z10-15,9.609017249944328,0.0,
7011,F277W,z10-15,9.3047363356919,0.0,
7011,F356W,z10-15,8.39055556926441,0.0,
7011,F410M,z10-15,6.085506926211693,0.0,
7011,F444W,z10-15,4.21275002257077,0.0,
7172,F606W,z10-15,0.2488805005345617,0.0,
7172,F814W,z10-15,0.3637646272508275,0.0,
7172,F115W,z10-15,-3.829091212867998,0.0,
7172,F150W,z10-15,-1.4357468160436517,0.0,
7172,F200W,z10-15,1.1975247795849078,0.0,
7172,F277W,z10-15,3.7046843087167223,0.0,
7172,F356W,z10-15,8.719978087296225,0.0,
7172,F410M,z10-15,18.078700659439757,0.0,
7172,F444W,z10-15,7.270006528353999,0.0,
7955,F606W,z10-15,-1.0309363869732768,0.0,
7955,F814W,z10-15,-0.23454250441539598,0.0,
7955,F115W,z10-15,-3.7453577892519943,0.0,
7955,F150W,z10-15,2.3225364406612803,0.0,
7955,F200W,z10-15,3.0278164424800544,0.0,
7955,F277W,z10-15,2.311799913465699,0.0,
7955,F356W,z10-15,0.46883664081018256,0.0,
7955,F410M,z10-15,1.962045838484986,0.0,
7955,F444W,z10-15,7.862424920004627,0.0,
8317,F606W,z10-15,3.0540750064205575,0.0,
8317,F814W,z10-15,2.7785469069107673,0.0,
8317,F115W,z10-15,1.1912933432373733,0.0,
8317,F150W,z10-15,1.2890505797207876,0.0,
8317,F200W,z10-15,-10.785950402062303,0.0,
8317,F277W,z10-15,3.9092785045581877,0.0,
8317,F356W,z10-15,10.047057501200465,0.0,
8317,F410M,z10-15,16.68470485491322,0.0,
8317,F444W,z10-15,11.091047781734368,0.0,
9108,F606W,z10-15,-1.102099372803265,0.0,
9108,F814W,z10-15,-1.0156037894145562,0.0,
9108,F115W,z10-15,-3.861986487565624,0.0,
9108,F150W,z10-15,-0.33245728255750423,0.0,
9108,F200W,z10-15,1.3543145279104087,0.0,
9108,F277W,z10-15,3.3155074773644406,0.0,
9108,F356W,z10-15,4.7149903846055325,0.0,
9108,F410M,z10-15,6.534359062419507,0.0,
9108,F444W,z10-15,11.54400707712712,0.0,
9314,F606W,z10-15,1.8458057838177195,0.0,
9314,F814W,z10-15,1.5246172040838046,0.0,
9314,F115W,z10-15,0.8624669669773091,0.0,
9314,F150W,z10-15,4.4047296578905,0.0,
9314,F200W,z10-15,8.778617270111514,0.0,
9314,F277W,z10-15,12.930935750076863,0.0,
9314,F356W,z10-15,14.188414356872935,0.0,
9314,F410M,z10-15,1.3166894364070145,0.0,
9314,F444W,z10-15,7.466331228062246,0.0,
9597,F606W,z10-15,0.9194188260802882,0.0,
9597,F814W,z10-15,4.46014398456631,0.0,
9597,F115W,z10-15,1.6519569171404798,0.0,
9597,F150W,z10-15,3.915398849074789,0.0,
9597,F200W,z10-15,9.452926790244794,0.0,
9597,F277W,z10-15,5.097022821427823,0.0,
9597,F356W,z10-15,8.696908231392074,0.0,
9597,F410M,z10-15,6.012784398859858,0.0,
9597,F444W,z10-15,1.7182117882890844,0.0,
10044,F606W,z10-15,-1.792921698438155,0.0,
10044,F814W,z10-15,2.9962675781349044,0.0,
10044,F115W,z10-15,0.38062500084182904,0.0,
10044,F150W,z10-15,6.022581175764219,0.0,
10044,F200W,z10-15,10.32976410819145,0.0,
10044,F277W,z10-15,2.6139730500039557,0.0,
10044,F356W,z10-15,8.32804006816552,0.0,
10044,F410M,z10-15,5.192920573902242,0.0,
10044,F444W,z10-15,4.653106173142486,0.0,
10059,F606W,z10-15,-3.139450918969079,0.0,
10059,F814W,z10-15,2.801562084252668,0.0,
10059,F115W,z10-15,-0.8119154976619907,0.0,
10059,F150W,z10-15,-0.20204859615166149,0.0,
10059,F200W,z10-15,9.869425898619332,0.0,
10059,F277W,z10-15,10.014565577106671,0.0,
10059,F356W,z10-15,12.124226247438685,0.0,
10059,F410M,z10-15,14.022665744610983,0.0,
10059,F444W,z10-15,11.741446854674153,0.0,
